employee_id,date,scheduled_hours,actual_hours,overtime_hours,department_code,location_code,role,level,employment_type,tasks_completed,tasks_assigned,demand_units,capacity_units,absent,absence_reason
EMP1001,2024-01-01,8.0,0.0,0,ENG,VAN,Engineer,junior,full-time,11,6,8.57,7.2,True,sick
EMP1001,2024-01-02,8.0,6.88,0,ENG,TOR,Engineer,junior,full-time,11,8,8.69,7.2,False,
EMP1001,2024-01-03,8.0,7.81,0,ENG,VAN,Coordinator,mid,full-time,5,11,7.49,7.2,False,
EMP1001,2024-01-04,8.0,9.1,1.1,ENG,VAN,Engineer,junior,part-time,4,10,9.11,7.2,False,
EMP1001,2024-01-05,8.0,8.74,0.74,ENG,REMOTE,Analyst,senior,full-time,9,6,8.17,7.2,False,
EMP1001,2024-01-08,8.0,8.28,0.28,ENG,VAN,Coordinator,junior,full-time,3,15,7.13,7.2,False,
EMP1001,2024-01-09,8.0,6.99,0,ENG,TOR,Engineer,mid,part-time,10,15,9.07,7.2,False,
EMP1001,2024-01-10,8.0,7.65,0,ENG,REMOTE,Analyst,senior,full-time,12,15,6.95,7.2,False,
EMP1001,2024-01-11,8.0,7.19,0,ENG,VAN,Analyst,senior,full-time,8,5,7.13,7.2,False,
EMP1001,2024-01-12,8.0,0.0,0,ENG,VAN,Analyst,mid,full-time,3,14,9.2,7.2,True,vacation
EMP1001,2024-01-15,8.0,8.0,0,ENG,REMOTE,Analyst,junior,part-time,5,8,8.78,7.2,False,
EMP1001,2024-01-16,8.0,8.59,0.59,ENG,VAN,Coordinator,mid,part-time,6,7,8.03,7.2,False,
EMP1001,2024-01-17,8.0,6.91,0,ENG,TOR,Engineer,senior,full-time,9,14,6.6,7.2,False,
EMP1001,2024-01-18,8.0,9.19,1.19,ENG,REMOTE,Analyst,senior,full-time,4,15,9.23,7.2,False,
EMP1001,2024-01-19,8.0,8.64,0.64,ENG,VAN,Engineer,mid,part-time,5,12,6.41,7.2,False,
EMP1001,2024-01-22,8.0,8.53,0.53,ENG,REMOTE,Engineer,senior,full-time,7,15,8.02,7.2,False,
EMP1001,2024-01-23,8.0,7.7,0,ENG,TOR,Coordinator,senior,full-time,12,10,7.96,7.2,False,
EMP1001,2024-01-24,8.0,7.67,0,ENG,VAN,Engineer,junior,full-time,12,6,6.67,7.2,False,
EMP1001,2024-01-25,8.0,6.97,0,ENG,REMOTE,Engineer,junior,part-time,11,7,7.25,7.2,False,
EMP1001,2024-01-26,8.0,7.82,0,ENG,TOR,Coordinator,senior,full-time,7,11,9.58,7.2,False,
EMP1001,2024-01-29,8.0,7.85,0,ENG,REMOTE,Analyst,junior,full-time,6,6,7.48,7.2,False,
EMP1001,2024-01-30,8.0,7.35,0,ENG,TOR,Engineer,junior,full-time,6,6,9.3,7.2,False,
EMP1002,2024-01-01,8.0,7.37,0,SUPPORT,REMOTE,Analyst,junior,full-time,12,14,7.91,7.2,False,
EMP1002,2024-01-02,8.0,8.74,0.74,SUPPORT,TOR,Engineer,junior,part-time,8,11,7.72,7.2,False,
EMP1002,2024-01-03,8.0,6.93,0,SUPPORT,REMOTE,Coordinator,junior,full-time,9,10,8.96,7.2,False,
EMP1002,2024-01-04,8.0,7.26,0,SUPPORT,REMOTE,Analyst,junior,part-time,5,9,7.88,7.2,False,
EMP1002,2024-01-05,8.0,6.98,0,SUPPORT,REMOTE,Engineer,junior,full-time,4,8,6.93,7.2,False,
EMP1002,2024-01-08,8.0,7.31,0,SUPPORT,VAN,Engineer,junior,part-time,3,11,7.25,7.2,False,
EMP1002,2024-01-09,8.0,7.89,0,SUPPORT,VAN,Coordinator,senior,part-time,5,8,7.35,7.2,False,
EMP1002,2024-01-10,8.0,8.19,0.19,SUPPORT,REMOTE,Engineer,senior,part-time,3,5,8.27,7.2,False,
EMP1002,2024-01-11,8.0,8.85,0.85,SUPPORT,TOR,Engineer,senior,full-time,5,6,8.3,7.2,False,
EMP1002,2024-01-12,8.0,7.36,0,SUPPORT,TOR,Coordinator,junior,full-time,12,6,7.74,7.2,False,
EMP1002,2024-01-15,8.0,8.05,0.05,SUPPORT,VAN,Engineer,senior,part-time,6,9,7.67,7.2,False,
EMP1002,2024-01-16,8.0,7.52,0,SUPPORT,VAN,Engineer,junior,part-time,12,14,9.59,7.2,False,
EMP1002,2024-01-17,8.0,7.31,0,SUPPORT,VAN,Engineer,mid,full-time,6,10,7.31,7.2,False,
EMP1002,2024-01-18,8.0,8.1,0.1,SUPPORT,VAN,Coordinator,senior,full-time,11,9,9.38,7.2,False,
EMP1002,2024-01-19,8.0,8.91,0.91,SUPPORT,VAN,Engineer,junior,full-time,7,9,8.34,7.2,False,
EMP1002,2024-01-22,8.0,7.29,0,SUPPORT,REMOTE,Analyst,senior,part-time,7,5,6.7,7.2,False,
EMP1002,2024-01-23,8.0,7.46,0,SUPPORT,TOR,Analyst,junior,part-time,5,12,8.17,7.2,False,
EMP1002,2024-01-24,8.0,6.82,0,SUPPORT,TOR,Coordinator,junior,full-time,8,14,8.17,7.2,False,
EMP1002,2024-01-25,8.0,6.9,0,SUPPORT,VAN,Engineer,mid,full-time,6,15,6.73,7.2,False,
EMP1002,2024-01-26,8.0,8.92,0.92,SUPPORT,VAN,Coordinator,senior,full-time,6,7,9.52,7.2,False,
EMP1002,2024-01-29,8.0,8.92,0.92,SUPPORT,TOR,Engineer,senior,part-time,9,15,9.17,7.2,False,
EMP1002,2024-01-30,8.0,7.44,0,SUPPORT,REMOTE,Engineer,mid,full-time,10,8,7.04,7.2,False,
EMP1003,2024-01-01,8.0,8.77,0.77,SALES,TOR,Engineer,junior,full-time,9,10,7.29,7.2,False,
EMP1003,2024-01-02,8.0,8.66,0.66,SALES,VAN,Coordinator,senior,part-time,11,10,9.41,7.2,False,
EMP1003,2024-01-03,8.0,9.13,1.13,SALES,TOR,Coordinator,mid,full-time,4,14,7.79,7.2,False,
EMP1003,2024-01-04,8.0,7.55,0,SALES,REMOTE,Coordinator,junior,part-time,12,8,7.22,7.2,False,
EMP1003,2024-01-05,8.0,6.8,0,SALES,REMOTE,Coordinator,senior,full-time,8,11,6.62,7.2,False,
EMP1003,2024-01-08,8.0,7.59,0,SALES,VAN,Coordinator,junior,part-time,11,9,8.53,7.2,False,
EMP1003,2024-01-09,8.0,8.47,0.47,SALES,REMOTE,Engineer,junior,part-time,9,15,8.79,7.2,False,
EMP1003,2024-01-10,8.0,8.17,0.17,SALES,VAN,Coordinator,junior,part-time,7,8,7.78,7.2,False,
EMP1003,2024-01-11,8.0,8.37,0.37,SALES,VAN,Analyst,mid,full-time,11,12,8.94,7.2,False,
EMP1003,2024-01-12,8.0,8.57,0.57,SALES,REMOTE,Engineer,mid,part-time,4,8,8.55,7.2,False,
EMP1003,2024-01-15,8.0,7.28,0,SALES,TOR,Engineer,junior,part-time,12,6,7.86,7.2,False,
EMP1003,2024-01-16,8.0,8.18,0.18,SALES,REMOTE,Coordinator,mid,part-time,9,8,6.87,7.2,False,
EMP1003,2024-01-17,8.0,8.94,0.94,SALES,TOR,Analyst,junior,full-time,11,12,6.56,7.2,False,
EMP1003,2024-01-18,8.0,8.84,0.84,SALES,VAN,Engineer,mid,part-time,10,14,9.01,7.2,False,
EMP1003,2024-01-19,8.0,7.82,0,SALES,REMOTE,Analyst,junior,part-time,10,9,8.81,7.2,False,
EMP1003,2024-01-22,8.0,7.47,0,SALES,REMOTE,Analyst,senior,full-time,7,12,6.65,7.2,False,
EMP1003,2024-01-23,8.0,7.45,0,SALES,VAN,Coordinator,junior,full-time,5,8,7.63,7.2,False,
EMP1003,2024-01-24,8.0,7.31,0,SALES,VAN,Analyst,mid,part-time,9,5,7.06,7.2,False,
EMP1003,2024-01-25,8.0,8.97,0.97,SALES,REMOTE,Coordinator,junior,part-time,10,5,9.42,7.2,False,
EMP1003,2024-01-26,8.0,7.74,0,SALES,VAN,Coordinator,senior,full-time,10,8,7.27,7.2,False,
EMP1003,2024-01-29,8.0,7.73,0,SALES,REMOTE,Coordinator,mid,full-time,10,7,9.54,7.2,False,
EMP1003,2024-01-30,8.0,8.98,0.98,SALES,REMOTE,Coordinator,senior,full-time,4,15,7.77,7.2,False,
EMP1004,2024-01-01,8.0,7.42,0,SALES,VAN,Engineer,mid,part-time,8,11,7.29,7.2,False,
EMP1004,2024-01-02,8.0,7.81,0,SALES,TOR,Analyst,junior,full-time,8,8,8.48,7.2,False,
EMP1004,2024-01-03,8.0,8.36,0.36,SALES,TOR,Engineer,junior,full-time,12,7,7.16,7.2,False,
EMP1004,2024-01-04,8.0,7.07,0,SALES,TOR,Analyst,senior,part-time,8,7,8.34,7.2,False,
EMP1004,2024-01-05,8.0,8.52,0.52,SALES,TOR,Analyst,junior,full-time,7,14,8.57,7.2,False,
EMP1004,2024-01-08,8.0,7.75,0,SALES,REMOTE,Engineer,junior,full-time,4,9,9.12,7.2,False,
EMP1004,2024-01-09,8.0,7.09,0,SALES,REMOTE,Engineer,mid,part-time,8,6,8.02,7.2,False,
EMP1004,2024-01-10,8.0,8.84,0.84,SALES,VAN,Engineer,mid,part-time,10,7,7.79,7.2,False,
EMP1004,2024-01-11,8.0,9.12,1.12,SALES,VAN,Coordinator,senior,part-time,10,11,9.04,7.2,False,
EMP1004,2024-01-12,8.0,7.57,0,SALES,TOR,Engineer,mid,part-time,6,12,8.22,7.2,False,
EMP1004,2024-01-15,8.0,7.61,0,SALES,VAN,Analyst,junior,part-time,6,10,8.95,7.2,False,
EMP1004,2024-01-16,8.0,8.91,0.91,SALES,REMOTE,Analyst,senior,full-time,11,8,6.67,7.2,False,
EMP1004,2024-01-17,8.0,7.97,0,SALES,TOR,Coordinator,mid,part-time,10,5,6.7,7.2,False,
EMP1004,2024-01-18,8.0,8.46,0.46,SALES,VAN,Coordinator,senior,part-time,10,13,8.1,7.2,False,
EMP1004,2024-01-19,8.0,8.59,0.59,SALES,VAN,Analyst,senior,part-time,7,9,7.2,7.2,False,
EMP1004,2024-01-22,8.0,7.26,0,SALES,TOR,Coordinator,senior,full-time,6,8,8.76,7.2,False,
EMP1004,2024-01-23,8.0,8.22,0.22,SALES,REMOTE,Coordinator,mid,full-time,6,9,7.13,7.2,False,
EMP1004,2024-01-24,8.0,6.83,0,SALES,REMOTE,Engineer,mid,full-time,3,13,7.33,7.2,False,
EMP1004,2024-01-25,8.0,8.33,0.33,SALES,VAN,Engineer,junior,part-time,10,12,7.81,7.2,False,
EMP1004,2024-01-26,8.0,6.92,0,SALES,VAN,Engineer,junior,part-time,10,6,8.25,7.2,False,
EMP1004,2024-01-29,8.0,7.16,0,SALES,REMOTE,Analyst,junior,full-time,4,13,8.85,7.2,False,
EMP1004,2024-01-30,8.0,8.7,0.7,SALES,TOR,Coordinator,mid,part-time,10,9,9.15,7.2,False,
EMP1005,2024-01-01,8.0,8.29,0.29,SALES,REMOTE,Coordinator,junior,full-time,6,9,8.51,7.2,False,
EMP1005,2024-01-02,8.0,7.22,0,SALES,TOR,Engineer,junior,part-time,10,14,7.9,7.2,False,
EMP1005,2024-01-03,8.0,0.0,0,SALES,VAN,Coordinator,mid,part-time,1,15,7.15,7.2,True,vacation
EMP1005,2024-01-04,8.0,8.3,0.3,SALES,REMOTE,Engineer,mid,full-time,11,8,8.47,7.2,False,
EMP1005,2024-01-05,8.0,8.78,0.78,SALES,TOR,Engineer,junior,part-time,12,14,9.35,7.2,False,
EMP1005,2024-01-08,8.0,7.92,0,SALES,VAN,Coordinator,mid,part-time,11,13,7.98,7.2,False,
EMP1005,2024-01-09,8.0,6.9,0,SALES,VAN,Coordinator,mid,part-time,3,6,7.13,7.2,False,
EMP1005,2024-01-10,8.0,8.87,0.87,SALES,REMOTE,Engineer,senior,part-time,12,5,8.84,7.2,False,
EMP1005,2024-01-11,8.0,8.05,0.05,SALES,VAN,Analyst,junior,part-time,10,6,7.9,7.2,False,
EMP1005,2024-01-12,8.0,7.57,0,SALES,TOR,Engineer,mid,part-time,10,9,8.52,7.2,False,
EMP1005,2024-01-15,8.0,8.63,0.63,SALES,TOR,Analyst,junior,part-time,7,10,6.77,7.2,False,
EMP1005,2024-01-16,8.0,8.88,0.88,SALES,TOR,Coordinator,senior,part-time,9,5,7.0,7.2,False,
EMP1005,2024-01-17,8.0,8.62,0.62,SALES,REMOTE,Analyst,junior,full-time,7,13,6.82,7.2,False,
EMP1005,2024-01-18,8.0,8.91,0.91,SALES,VAN,Engineer,junior,full-time,5,9,8.16,7.2,False,
EMP1005,2024-01-19,8.0,7.02,0,SALES,TOR,Analyst,junior,full-time,10,9,8.03,7.2,False,
EMP1005,2024-01-22,8.0,8.8,0.8,SALES,VAN,Engineer,mid,full-time,9,8,9.35,7.2,False,
EMP1005,2024-01-23,8.0,8.91,0.91,SALES,TOR,Analyst,mid,part-time,11,9,9.03,7.2,False,
EMP1005,2024-01-24,8.0,7.52,0,SALES,REMOTE,Coordinator,senior,part-time,5,12,8.12,7.2,False,
EMP1005,2024-01-25,8.0,8.12,0.12,SALES,REMOTE,Analyst,mid,part-time,6,8,8.23,7.2,False,
EMP1005,2024-01-26,8.0,8.66,0.66,SALES,TOR,Analyst,senior,part-time,9,11,9.56,7.2,False,
EMP1005,2024-01-29,8.0,8.36,0.36,SALES,TOR,Analyst,junior,full-time,11,14,7.46,7.2,False,
EMP1005,2024-01-30,8.0,8.83,0.83,SALES,TOR,Coordinator,mid,full-time,5,11,9.19,7.2,False,
EMP1006,2024-01-01,8.0,8.68,0.68,OPS,VAN,Analyst,senior,part-time,4,10,9.13,7.2,False,
EMP1006,2024-01-02,8.0,7.71,0,OPS,VAN,Coordinator,senior,part-time,11,5,8.38,7.2,False,
EMP1006,2024-01-03,8.0,8.44,0.44,OPS,VAN,Engineer,senior,full-time,9,6,8.83,7.2,False,
EMP1006,2024-01-04,8.0,7.04,0,OPS,TOR,Coordinator,mid,full-time,3,10,8.95,7.2,False,
EMP1006,2024-01-05,8.0,7.7,0,OPS,TOR,Engineer,senior,part-time,12,15,8.94,7.2,False,
EMP1006,2024-01-08,8.0,6.99,0,OPS,VAN,Coordinator,senior,full-time,10,14,6.86,7.2,False,
EMP1006,2024-01-09,8.0,7.41,0,OPS,VAN,Coordinator,junior,part-time,7,15,8.15,7.2,False,
EMP1006,2024-01-10,8.0,9.07,1.07,OPS,REMOTE,Analyst,senior,part-time,7,12,9.1,7.2,False,
EMP1006,2024-01-11,8.0,7.72,0,OPS,VAN,Engineer,junior,part-time,12,10,8.24,7.2,False,
EMP1006,2024-01-12,8.0,7.51,0,OPS,REMOTE,Analyst,mid,full-time,12,15,8.89,7.2,False,
EMP1006,2024-01-15,8.0,8.99,0.99,OPS,REMOTE,Analyst,mid,full-time,12,10,7.1,7.2,False,
EMP1006,2024-01-16,8.0,7.4,0,OPS,REMOTE,Coordinator,senior,full-time,4,15,8.47,7.2,False,
EMP1006,2024-01-17,8.0,7.86,0,OPS,REMOTE,Analyst,senior,full-time,4,9,7.45,7.2,False,
EMP1006,2024-01-18,8.0,7.28,0,OPS,REMOTE,Analyst,senior,part-time,5,9,9.32,7.2,False,
EMP1006,2024-01-19,8.0,9.12,1.12,OPS,VAN,Coordinator,mid,full-time,10,6,6.85,7.2,False,
EMP1006,2024-01-22,8.0,8.86,0.86,OPS,REMOTE,Coordinator,mid,part-time,4,11,6.44,7.2,False,
EMP1006,2024-01-23,8.0,7.89,0,OPS,REMOTE,Coordinator,senior,part-time,12,11,9.03,7.2,False,
EMP1006,2024-01-24,8.0,7.06,0,OPS,TOR,Analyst,junior,part-time,12,8,8.47,7.2,False,
EMP1006,2024-01-25,8.0,7.91,0,OPS,REMOTE,Analyst,senior,part-time,4,7,6.55,7.2,False,
EMP1006,2024-01-26,8.0,0.0,0,OPS,VAN,Engineer,junior,full-time,8,7,7.64,7.2,True,vacation
EMP1006,2024-01-29,8.0,8.58,0.58,OPS,REMOTE,Analyst,senior,full-time,9,15,6.72,7.2,False,
EMP1006,2024-01-30,8.0,7.78,0,OPS,VAN,Engineer,senior,part-time,6,12,7.82,7.2,False,
EMP1007,2024-01-01,8.0,7.04,0,OPS,REMOTE,Analyst,senior,part-time,3,11,7.28,7.2,False,
EMP1007,2024-01-02,8.0,9.08,1.08,OPS,VAN,Engineer,senior,full-time,12,5,6.56,7.2,False,
EMP1007,2024-01-03,8.0,9.17,1.17,OPS,REMOTE,Engineer,junior,full-time,12,8,9.0,7.2,False,
EMP1007,2024-01-04,8.0,8.66,0.66,OPS,REMOTE,Engineer,mid,full-time,5,13,7.2,7.2,False,
EMP1007,2024-01-05,8.0,8.39,0.39,OPS,TOR,Engineer,junior,part-time,6,14,7.44,7.2,False,
EMP1007,2024-01-08,8.0,6.93,0,OPS,REMOTE,Analyst,senior,full-time,4,12,7.83,7.2,False,
EMP1007,2024-01-09,8.0,8.22,0.22,OPS,VAN,Coordinator,junior,full-time,11,9,7.87,7.2,False,
EMP1007,2024-01-10,8.0,6.95,0,OPS,VAN,Analyst,mid,full-time,10,12,6.64,7.2,False,
EMP1007,2024-01-11,8.0,8.26,0.26,OPS,TOR,Engineer,mid,part-time,9,14,8.1,7.2,False,
EMP1007,2024-01-12,8.0,8.25,0.25,OPS,TOR,Coordinator,junior,full-time,9,12,9.24,7.2,False,
EMP1007,2024-01-15,8.0,8.79,0.79,OPS,VAN,Analyst,senior,full-time,8,11,7.4,7.2,False,
EMP1007,2024-01-16,8.0,9.09,1.09,OPS,REMOTE,Analyst,junior,full-time,4,6,7.78,7.2,False,
EMP1007,2024-01-17,8.0,7.69,0,OPS,TOR,Coordinator,junior,part-time,4,11,7.53,7.2,False,
EMP1007,2024-01-18,8.0,8.6,0.6,OPS,REMOTE,Engineer,mid,part-time,8,6,8.25,7.2,False,
EMP1007,2024-01-19,8.0,8.38,0.38,OPS,TOR,Engineer,mid,part-time,4,9,8.24,7.2,False,
EMP1007,2024-01-22,8.0,8.83,0.83,OPS,REMOTE,Coordinator,senior,full-time,12,15,9.05,7.2,False,
EMP1007,2024-01-23,8.0,7.23,0,OPS,REMOTE,Analyst,mid,part-time,3,7,9.18,7.2,False,
EMP1007,2024-01-24,8.0,7.76,0,OPS,TOR,Coordinator,senior,full-time,4,13,7.09,7.2,False,
EMP1007,2024-01-25,8.0,7.62,0,OPS,VAN,Analyst,senior,part-time,12,14,6.67,7.2,False,
EMP1007,2024-01-26,8.0,7.18,0,OPS,REMOTE,Engineer,senior,full-time,7,12,8.52,7.2,False,
EMP1007,2024-01-29,8.0,7.86,0,OPS,VAN,Engineer,senior,full-time,8,11,6.75,7.2,False,
EMP1007,2024-01-30,8.0,8.22,0.22,OPS,REMOTE,Coordinator,mid,full-time,6,11,9.55,7.2,False,
EMP1008,2024-01-01,8.0,0.0,0,ENG,VAN,Engineer,junior,part-time,4,10,6.78,7.2,True,
EMP1008,2024-01-02,8.0,7.22,0,ENG,VAN,Coordinator,senior,full-time,11,13,9.07,7.2,False,
EMP1008,2024-01-03,8.0,6.97,0,ENG,REMOTE,Engineer,mid,full-time,10,6,9.16,7.2,False,
EMP1008,2024-01-04,8.0,8.18,0.18,ENG,REMOTE,Coordinator,mid,part-time,4,11,6.47,7.2,False,
EMP1008,2024-01-05,8.0,8.72,0.72,ENG,REMOTE,Analyst,senior,part-time,4,11,9.1,7.2,False,
EMP1008,2024-01-08,8.0,8.21,0.21,ENG,REMOTE,Engineer,mid,part-time,8,8,7.47,7.2,False,
EMP1008,2024-01-09,8.0,8.03,0.03,ENG,TOR,Coordinator,senior,full-time,8,10,8.73,7.2,False,
EMP1008,2024-01-10,8.0,8.76,0.76,ENG,TOR,Engineer,junior,part-time,6,7,8.33,7.2,False,
EMP1008,2024-01-11,8.0,8.37,0.37,ENG,TOR,Coordinator,mid,part-time,12,14,7.84,7.2,False,
EMP1008,2024-01-12,8.0,8.15,0.15,ENG,REMOTE,Coordinator,mid,part-time,5,12,6.62,7.2,False,
EMP1008,2024-01-15,8.0,7.53,0,ENG,VAN,Coordinator,junior,part-time,11,6,7.39,7.2,False,
EMP1008,2024-01-16,8.0,6.94,0,ENG,VAN,Engineer,senior,full-time,12,14,8.02,7.2,False,
EMP1008,2024-01-17,8.0,8.13,0.13,ENG,REMOTE,Engineer,mid,full-time,8,14,7.92,7.2,False,
EMP1008,2024-01-18,8.0,6.95,0,ENG,TOR,Analyst,senior,full-time,11,15,6.95,7.2,False,
EMP1008,2024-01-19,8.0,7.85,0,ENG,VAN,Coordinator,senior,full-time,8,10,9.34,7.2,False,
EMP1008,2024-01-22,8.0,8.66,0.66,ENG,REMOTE,Coordinator,junior,part-time,4,10,6.7,7.2,False,
EMP1008,2024-01-23,8.0,7.48,0,ENG,REMOTE,Coordinator,senior,full-time,8,6,8.26,7.2,False,
EMP1008,2024-01-24,8.0,7.64,0,ENG,REMOTE,Coordinator,senior,part-time,5,14,8.67,7.2,False,
EMP1008,2024-01-25,8.0,8.14,0.14,ENG,REMOTE,Analyst,junior,full-time,9,13,7.56,7.2,False,
EMP1008,2024-01-26,8.0,7.23,0,ENG,TOR,Analyst,mid,full-time,6,7,6.9,7.2,False,
EMP1008,2024-01-29,8.0,8.69,0.69,ENG,REMOTE,Coordinator,senior,full-time,8,14,6.82,7.2,False,
EMP1008,2024-01-30,8.0,7.19,0,ENG,REMOTE,Coordinator,junior,part-time,3,11,7.57,7.2,False,
EMP1009,2024-01-01,8.0,8.27,0.27,OPS,REMOTE,Analyst,junior,full-time,7,12,9.29,7.2,False,
EMP1009,2024-01-02,8.0,8.43,0.43,OPS,REMOTE,Analyst,mid,part-time,9,13,8.09,7.2,False,
EMP1009,2024-01-03,8.0,8.76,0.76,OPS,REMOTE,Engineer,mid,full-time,10,10,8.17,7.2,False,
EMP1009,2024-01-04,8.0,8.83,0.83,OPS,TOR,Analyst,junior,full-time,7,12,9.3,7.2,False,
EMP1009,2024-01-05,8.0,7.85,0,OPS,TOR,Analyst,mid,full-time,9,5,7.67,7.2,False,
EMP1009,2024-01-08,8.0,7.73,0,OPS,TOR,Analyst,junior,full-time,8,6,9.09,7.2,False,
EMP1009,2024-01-09,8.0,8.7,0.7,OPS,TOR,Engineer,mid,part-time,5,12,7.84,7.2,False,
EMP1009,2024-01-10,8.0,0.0,0,OPS,TOR,Engineer,mid,full-time,2,13,9.41,7.2,True,
EMP1009,2024-01-11,8.0,7.49,0,OPS,VAN,Engineer,junior,full-time,9,15,8.94,7.2,False,
EMP1009,2024-01-12,8.0,7.07,0,OPS,VAN,Coordinator,senior,full-time,11,14,7.17,7.2,False,
EMP1009,2024-01-15,8.0,7.83,0,OPS,REMOTE,Analyst,junior,part-time,5,15,8.54,7.2,False,
EMP1009,2024-01-16,8.0,7.67,0,OPS,REMOTE,Coordinator,senior,full-time,9,12,6.54,7.2,False,
EMP1009,2024-01-17,8.0,7.7,0,OPS,REMOTE,Engineer,mid,full-time,8,8,8.75,7.2,False,
EMP1009,2024-01-18,8.0,8.65,0.65,OPS,REMOTE,Analyst,junior,full-time,8,13,7.48,7.2,False,
EMP1009,2024-01-19,8.0,8.79,0.79,OPS,REMOTE,Analyst,senior,part-time,5,7,6.6,7.2,False,
EMP1009,2024-01-22,8.0,7.9,0,OPS,VAN,Engineer,junior,full-time,3,10,9.39,7.2,False,
EMP1009,2024-01-23,8.0,9.17,1.17,OPS,REMOTE,Analyst,mid,full-time,6,9,7.54,7.2,False,
EMP1009,2024-01-24,8.0,8.88,0.88,OPS,VAN,Analyst,junior,part-time,9,11,8.78,7.2,False,
EMP1009,2024-01-25,8.0,7.73,0,OPS,TOR,Analyst,senior,part-time,8,13,7.25,7.2,False,
EMP1009,2024-01-26,8.0,7.82,0,OPS,VAN,Coordinator,junior,part-time,8,6,6.66,7.2,False,
EMP1009,2024-01-29,8.0,7.54,0,OPS,REMOTE,Coordinator,mid,full-time,10,10,7.83,7.2,False,
EMP1009,2024-01-30,8.0,8.99,0.99,OPS,REMOTE,Analyst,mid,full-time,4,15,8.44,7.2,False,
EMP1010,2024-01-01,8.0,8.6,0.6,SUPPORT,TOR,Engineer,junior,part-time,3,7,6.62,7.2,False,
EMP1010,2024-01-02,8.0,7.68,0,SUPPORT,VAN,Coordinator,junior,full-time,10,10,7.59,7.2,False,
EMP1010,2024-01-03,8.0,8.18,0.18,SUPPORT,REMOTE,Analyst,mid,part-time,7,8,9.47,7.2,False,
EMP1010,2024-01-04,8.0,0.0,0,SUPPORT,TOR,Analyst,senior,part-time,8,6,7.24,7.2,True,vacation
EMP1010,2024-01-05,8.0,7.31,0,SUPPORT,REMOTE,Analyst,senior,part-time,6,6,6.83,7.2,False,
EMP1010,2024-01-08,8.0,7.21,0,SUPPORT,REMOTE,Analyst,junior,part-time,8,6,8.16,7.2,False,
EMP1010,2024-01-09,8.0,7.52,0,SUPPORT,TOR,Coordinator,senior,full-time,8,13,7.12,7.2,False,
EMP1010,2024-01-10,8.0,8.7,0.7,SUPPORT,TOR,Analyst,junior,part-time,11,14,7.58,7.2,False,
EMP1010,2024-01-11,8.0,8.12,0.12,SUPPORT,REMOTE,Engineer,junior,part-time,9,12,8.08,7.2,False,
EMP1010,2024-01-12,8.0,8.78,0.78,SUPPORT,TOR,Engineer,mid,full-time,10,12,8.58,7.2,False,
EMP1010,2024-01-15,8.0,8.91,0.91,SUPPORT,REMOTE,Coordinator,senior,full-time,5,11,8.01,7.2,False,
EMP1010,2024-01-16,8.0,8.8,0.8,SUPPORT,REMOTE,Engineer,mid,full-time,5,10,9.39,7.2,False,
EMP1010,2024-01-17,8.0,9.07,1.07,SUPPORT,REMOTE,Analyst,junior,part-time,6,15,9.46,7.2,False,
EMP1010,2024-01-18,8.0,8.3,0.3,SUPPORT,REMOTE,Coordinator,junior,full-time,12,14,6.89,7.2,False,
EMP1010,2024-01-19,8.0,8.53,0.53,SUPPORT,REMOTE,Analyst,senior,full-time,3,6,6.55,7.2,False,
EMP1010,2024-01-22,8.0,8.18,0.18,SUPPORT,REMOTE,Engineer,senior,part-time,12,15,6.5,7.2,False,
EMP1010,2024-01-23,8.0,8.11,0.11,SUPPORT,REMOTE,Analyst,mid,full-time,9,9,7.85,7.2,False,
EMP1010,2024-01-24,8.0,7.18,0,SUPPORT,VAN,Analyst,mid,full-time,8,14,6.86,7.2,False,
EMP1010,2024-01-25,8.0,7.57,0,SUPPORT,VAN,Analyst,junior,part-time,11,13,6.74,7.2,False,
EMP1010,2024-01-26,8.0,7.09,0,SUPPORT,VAN,Engineer,junior,full-time,3,9,9.43,7.2,False,
EMP1010,2024-01-29,8.0,7.8,0,SUPPORT,TOR,Analyst,senior,part-time,6,7,7.99,7.2,False,
EMP1010,2024-01-30,8.0,8.0,0,SUPPORT,VAN,Analyst,junior,full-time,9,13,7.86,7.2,False,
EMP1011,2024-01-01,8.0,7.65,0,OPS,TOR,Analyst,mid,part-time,7,13,6.43,7.2,False,
EMP1011,2024-01-02,8.0,7.12,0,OPS,VAN,Coordinator,mid,part-time,8,5,7.68,7.2,False,
EMP1011,2024-01-03,8.0,7.27,0,OPS,REMOTE,Analyst,junior,part-time,11,12,8.85,7.2,False,
EMP1011,2024-01-04,8.0,9.17,1.17,OPS,REMOTE,Coordinator,junior,full-time,4,11,7.59,7.2,False,
EMP1011,2024-01-05,8.0,8.14,0.14,OPS,VAN,Engineer,junior,part-time,11,5,6.54,7.2,False,
EMP1011,2024-01-08,8.0,7.6,0,OPS,VAN,Coordinator,mid,full-time,12,13,6.85,7.2,False,
EMP1011,2024-01-09,8.0,7.56,0,OPS,VAN,Coordinator,senior,part-time,12,10,8.02,7.2,False,
EMP1011,2024-01-10,8.0,7.98,0,OPS,REMOTE,Analyst,mid,full-time,8,10,8.56,7.2,False,
EMP1011,2024-01-11,8.0,8.2,0.2,OPS,REMOTE,Coordinator,senior,full-time,12,12,7.25,7.2,False,
EMP1011,2024-01-12,8.0,9.13,1.13,OPS,REMOTE,Coordinator,junior,full-time,12,12,6.95,7.2,False,
EMP1011,2024-01-15,8.0,8.29,0.29,OPS,VAN,Engineer,senior,full-time,3,14,9.43,7.2,False,
EMP1011,2024-01-16,8.0,6.85,0,OPS,VAN,Analyst,junior,part-time,6,11,8.01,7.2,False,
EMP1011,2024-01-17,8.0,7.93,0,OPS,REMOTE,Coordinator,junior,full-time,11,8,8.19,7.2,False,
EMP1011,2024-01-18,8.0,7.95,0,OPS,VAN,Analyst,junior,part-time,11,10,8.15,7.2,False,
EMP1011,2024-01-19,8.0,8.88,0.88,OPS,REMOTE,Coordinator,senior,part-time,12,12,7.02,7.2,False,
EMP1011,2024-01-22,8.0,8.14,0.14,OPS,TOR,Analyst,mid,full-time,10,10,7.94,7.2,False,
EMP1011,2024-01-23,8.0,9.04,1.04,OPS,REMOTE,Analyst,mid,full-time,12,15,8.14,7.2,False,
EMP1011,2024-01-24,8.0,7.75,0,OPS,VAN,Engineer,mid,full-time,7,6,7.51,7.2,False,
EMP1011,2024-01-25,8.0,7.42,0,OPS,VAN,Engineer,junior,part-time,11,9,6.84,7.2,False,
EMP1011,2024-01-26,8.0,8.21,0.21,OPS,TOR,Engineer,senior,full-time,6,5,6.72,7.2,False,
EMP1011,2024-01-29,8.0,7.93,0,OPS,REMOTE,Engineer,junior,full-time,9,15,9.39,7.2,False,
EMP1011,2024-01-30,8.0,7.95,0,OPS,TOR,Analyst,mid,part-time,3,6,8.49,7.2,False,
EMP1012,2024-01-01,8.0,8.54,0.54,OPS,TOR,Engineer,mid,full-time,3,11,8.92,7.2,False,
EMP1012,2024-01-02,8.0,8.6,0.6,OPS,VAN,Engineer,junior,part-time,12,14,6.74,7.2,False,
EMP1012,2024-01-03,8.0,7.48,0,OPS,REMOTE,Coordinator,senior,part-time,5,13,7.9,7.2,False,
EMP1012,2024-01-04,8.0,7.07,0,OPS,TOR,Coordinator,mid,part-time,5,5,8.76,7.2,False,
EMP1012,2024-01-05,8.0,8.16,0.16,OPS,TOR,Engineer,senior,part-time,9,13,7.45,7.2,False,
EMP1012,2024-01-08,8.0,7.03,0,OPS,TOR,Analyst,mid,full-time,3,9,7.63,7.2,False,
EMP1012,2024-01-09,8.0,7.44,0,OPS,VAN,Analyst,senior,full-time,7,15,7.55,7.2,False,
EMP1012,2024-01-10,8.0,8.4,0.4,OPS,VAN,Analyst,junior,part-time,11,9,8.61,7.2,False,
EMP1012,2024-01-11,8.0,9.06,1.06,OPS,VAN,Coordinator,junior,full-time,5,12,6.89,7.2,False,
EMP1012,2024-01-12,8.0,8.25,0.25,OPS,VAN,Coordinator,senior,part-time,11,15,9.04,7.2,False,
EMP1012,2024-01-15,8.0,8.43,0.43,OPS,REMOTE,Engineer,senior,part-time,11,10,6.65,7.2,False,
EMP1012,2024-01-16,8.0,6.95,0,OPS,REMOTE,Coordinator,junior,full-time,5,10,9.13,7.2,False,
EMP1012,2024-01-17,8.0,8.43,0.43,OPS,REMOTE,Coordinator,mid,full-time,11,12,8.99,7.2,False,
EMP1012,2024-01-18,8.0,8.03,0.03,OPS,VAN,Coordinator,junior,part-time,7,5,7.67,7.2,False,
EMP1012,2024-01-19,8.0,8.59,0.59,OPS,REMOTE,Engineer,junior,part-time,8,6,8.13,7.2,False,
EMP1012,2024-01-22,8.0,8.95,0.95,OPS,VAN,Engineer,mid,part-time,5,7,8.85,7.2,False,
EMP1012,2024-01-23,8.0,8.35,0.35,OPS,VAN,Analyst,mid,part-time,9,11,6.66,7.2,False,
EMP1012,2024-01-24,8.0,8.9,0.9,OPS,TOR,Coordinator,mid,full-time,5,13,7.66,7.2,False,
EMP1012,2024-01-25,8.0,9.15,1.15,OPS,TOR,Engineer,mid,part-time,11,11,8.1,7.2,False,
EMP1012,2024-01-26,8.0,7.39,0,OPS,VAN,Engineer,mid,full-time,4,5,8.99,7.2,False,
EMP1012,2024-01-29,8.0,8.64,0.64,OPS,TOR,Engineer,junior,full-time,4,14,6.51,7.2,False,
EMP1012,2024-01-30,8.0,8.49,0.49,OPS,TOR,Engineer,senior,full-time,9,12,7.15,7.2,False,
EMP1013,2024-01-01,8.0,8.66,0.66,OPS,TOR,Coordinator,mid,full-time,12,10,8.25,7.2,False,
EMP1013,2024-01-02,8.0,8.76,0.76,OPS,TOR,Analyst,junior,full-time,9,9,7.28,7.2,False,
EMP1013,2024-01-03,8.0,8.22,0.22,OPS,REMOTE,Engineer,senior,part-time,11,12,6.55,7.2,False,
EMP1013,2024-01-04,8.0,8.34,0.34,OPS,VAN,Coordinator,mid,part-time,9,7,7.36,7.2,False,
EMP1013,2024-01-05,8.0,8.09,0.09,OPS,TOR,Engineer,mid,full-time,10,5,8.2,7.2,False,
EMP1013,2024-01-08,8.0,8.14,0.14,OPS,TOR,Analyst,junior,part-time,6,10,8.47,7.2,False,
EMP1013,2024-01-09,8.0,8.83,0.83,OPS,TOR,Coordinator,senior,full-time,3,9,7.61,7.2,False,
EMP1013,2024-01-10,8.0,6.89,0,OPS,TOR,Engineer,senior,full-time,10,8,9.18,7.2,False,
EMP1013,2024-01-11,8.0,9.1,1.1,OPS,TOR,Engineer,junior,full-time,10,8,8.63,7.2,False,
EMP1013,2024-01-12,8.0,7.75,0,OPS,TOR,Coordinator,mid,part-time,9,12,8.11,7.2,False,
EMP1013,2024-01-15,8.0,7.43,0,OPS,REMOTE,Analyst,mid,full-time,10,10,9.33,7.2,False,
EMP1013,2024-01-16,8.0,7.79,0,OPS,REMOTE,Engineer,senior,full-time,3,9,8.17,7.2,False,
EMP1013,2024-01-17,8.0,8.53,0.53,OPS,VAN,Engineer,junior,part-time,6,11,8.22,7.2,False,
EMP1013,2024-01-18,8.0,8.12,0.12,OPS,REMOTE,Analyst,mid,part-time,10,12,6.94,7.2,False,
EMP1013,2024-01-19,8.0,7.21,0,OPS,REMOTE,Coordinator,mid,full-time,11,15,9.46,7.2,False,
EMP1013,2024-01-22,8.0,8.81,0.81,OPS,TOR,Coordinator,junior,full-time,9,7,9.1,7.2,False,
EMP1013,2024-01-23,8.0,8.5,0.5,OPS,TOR,Engineer,senior,part-time,8,5,8.38,7.2,False,
EMP1013,2024-01-24,8.0,8.28,0.28,OPS,VAN,Coordinator,mid,full-time,3,13,8.17,7.2,False,
EMP1013,2024-01-25,8.0,0.0,0,OPS,REMOTE,Coordinator,mid,part-time,0,13,9.0,7.2,True,
EMP1013,2024-01-26,8.0,8.98,0.98,OPS,TOR,Engineer,senior,full-time,6,8,8.38,7.2,False,
EMP1013,2024-01-29,8.0,7.65,0,OPS,VAN,Engineer,mid,part-time,10,14,7.18,7.2,False,
EMP1013,2024-01-30,8.0,7.52,0,OPS,TOR,Coordinator,senior,full-time,4,11,7.61,7.2,False,
EMP1014,2024-01-01,8.0,8.33,0.33,HR,REMOTE,Engineer,junior,part-time,9,15,8.91,7.2,False,
EMP1014,2024-01-02,8.0,8.86,0.86,HR,TOR,Coordinator,junior,full-time,6,14,7.92,7.2,False,
EMP1014,2024-01-03,8.0,6.98,0,HR,VAN,Coordinator,senior,full-time,5,10,6.45,7.2,False,
EMP1014,2024-01-04,8.0,7.15,0,HR,REMOTE,Analyst,junior,part-time,5,14,7.17,7.2,False,
EMP1014,2024-01-05,8.0,7.73,0,HR,REMOTE,Analyst,mid,full-time,4,13,8.79,7.2,False,
EMP1014,2024-01-08,8.0,7.03,0,HR,TOR,Engineer,mid,part-time,8,5,8.43,7.2,False,
EMP1014,2024-01-09,8.0,7.88,0,HR,TOR,Analyst,senior,part-time,9,7,8.58,7.2,False,
EMP1014,2024-01-10,8.0,7.01,0,HR,REMOTE,Analyst,junior,full-time,4,9,6.89,7.2,False,
EMP1014,2024-01-11,8.0,8.32,0.32,HR,REMOTE,Analyst,mid,part-time,4,6,6.42,7.2,False,
EMP1014,2024-01-12,8.0,7.66,0,HR,VAN,Engineer,junior,full-time,5,11,7.84,7.2,False,
EMP1014,2024-01-15,8.0,7.78,0,HR,TOR,Engineer,mid,full-time,12,14,8.91,7.2,False,
EMP1014,2024-01-16,8.0,6.83,0,HR,VAN,Analyst,junior,full-time,12,13,6.94,7.2,False,
EMP1014,2024-01-17,8.0,7.13,0,HR,VAN,Analyst,mid,full-time,4,7,7.79,7.2,False,
EMP1014,2024-01-18,8.0,7.96,0,HR,TOR,Analyst,mid,full-time,10,14,8.37,7.2,False,
EMP1014,2024-01-19,8.0,7.13,0,HR,TOR,Analyst,mid,part-time,8,12,7.47,7.2,False,
EMP1014,2024-01-22,8.0,8.86,0.86,HR,REMOTE,Engineer,mid,part-time,12,8,7.93,7.2,False,
EMP1014,2024-01-23,8.0,7.76,0,HR,VAN,Analyst,senior,part-time,12,8,7.44,7.2,False,
EMP1014,2024-01-24,8.0,8.69,0.69,HR,VAN,Engineer,senior,full-time,12,13,6.98,7.2,False,
EMP1014,2024-01-25,8.0,6.86,0,HR,REMOTE,Analyst,senior,full-time,10,9,9.06,7.2,False,
EMP1014,2024-01-26,8.0,8.83,0.83,HR,VAN,Coordinator,mid,full-time,7,8,7.21,7.2,False,
EMP1014,2024-01-29,8.0,7.82,0,HR,VAN,Engineer,mid,part-time,12,11,8.11,7.2,False,
EMP1014,2024-01-30,8.0,8.89,0.89,HR,VAN,Coordinator,junior,part-time,11,14,8.44,7.2,False,
EMP1015,2024-01-01,8.0,7.4,0,ENG,REMOTE,Analyst,junior,full-time,12,15,8.57,7.2,False,
EMP1015,2024-01-02,8.0,8.61,0.61,ENG,VAN,Engineer,junior,full-time,7,8,8.03,7.2,False,
EMP1015,2024-01-03,8.0,8.19,0.19,ENG,REMOTE,Engineer,mid,part-time,9,12,8.87,7.2,False,
EMP1015,2024-01-04,8.0,8.0,0,ENG,VAN,Engineer,mid,full-time,7,11,9.35,7.2,False,
EMP1015,2024-01-05,8.0,8.8,0.8,ENG,REMOTE,Engineer,mid,part-time,8,12,8.91,7.2,False,
EMP1015,2024-01-08,8.0,7.64,0,ENG,TOR,Analyst,senior,part-time,8,6,7.36,7.2,False,
EMP1015,2024-01-09,8.0,7.08,0,ENG,VAN,Coordinator,junior,full-time,6,13,6.96,7.2,False,
EMP1015,2024-01-10,8.0,8.14,0.14,ENG,VAN,Engineer,mid,full-time,5,15,8.5,7.2,False,
EMP1015,2024-01-11,8.0,8.57,0.57,ENG,TOR,Analyst,senior,part-time,9,5,8.66,7.2,False,
EMP1015,2024-01-12,8.0,8.61,0.61,ENG,TOR,Coordinator,junior,full-time,8,10,7.03,7.2,False,
EMP1015,2024-01-15,8.0,8.41,0.41,ENG,VAN,Coordinator,senior,part-time,12,11,8.36,7.2,False,
EMP1015,2024-01-16,8.0,7.64,0,ENG,VAN,Coordinator,junior,part-time,12,14,6.67,7.2,False,
EMP1015,2024-01-17,8.0,7.08,0,ENG,VAN,Engineer,junior,part-time,5,13,7.64,7.2,False,
EMP1015,2024-01-18,8.0,8.18,0.18,ENG,VAN,Engineer,mid,full-time,11,7,7.97,7.2,False,
EMP1015,2024-01-19,8.0,7.55,0,ENG,VAN,Coordinator,junior,part-time,3,12,6.84,7.2,False,
EMP1015,2024-01-22,8.0,9.11,1.11,ENG,REMOTE,Coordinator,mid,part-time,10,11,8.67,7.2,False,
EMP1015,2024-01-23,8.0,7.2,0,ENG,REMOTE,Engineer,junior,part-time,3,9,7.12,7.2,False,
EMP1015,2024-01-24,8.0,8.67,0.67,ENG,REMOTE,Coordinator,mid,full-time,12,6,7.26,7.2,False,
EMP1015,2024-01-25,8.0,9.18,1.18,ENG,REMOTE,Engineer,senior,part-time,11,8,9.57,7.2,False,
EMP1015,2024-01-26,8.0,8.79,0.79,ENG,TOR,Analyst,junior,part-time,7,10,9.16,7.2,False,
EMP1015,2024-01-29,8.0,8.88,0.88,ENG,TOR,Engineer,junior,part-time,12,15,7.77,7.2,False,
EMP1015,2024-01-30,8.0,8.68,0.68,ENG,TOR,Engineer,senior,part-time,11,9,8.31,7.2,False,
EMP1016,2024-01-01,8.0,8.49,0.49,OPS,VAN,Coordinator,mid,full-time,5,11,9.34,7.2,False,
EMP1016,2024-01-02,8.0,8.88,0.88,OPS,TOR,Coordinator,junior,full-time,5,10,9.05,7.2,False,
EMP1016,2024-01-03,8.0,8.42,0.42,OPS,VAN,Engineer,senior,part-time,9,11,7.85,7.2,False,
EMP1016,2024-01-04,8.0,8.91,0.91,OPS,TOR,Analyst,senior,part-time,8,12,9.44,7.2,False,
EMP1016,2024-01-05,8.0,6.81,0,OPS,REMOTE,Engineer,senior,part-time,8,6,8.95,7.2,False,
EMP1016,2024-01-08,8.0,9.12,1.12,OPS,TOR,Analyst,mid,part-time,7,10,8.15,7.2,False,
EMP1016,2024-01-09,8.0,8.85,0.85,OPS,VAN,Coordinator,junior,full-time,4,15,8.91,7.2,False,
EMP1016,2024-01-10,8.0,7.1,0,OPS,TOR,Analyst,mid,full-time,9,8,9.59,7.2,False,
EMP1016,2024-01-11,8.0,8.92,0.92,OPS,VAN,Engineer,mid,full-time,8,9,6.66,7.2,False,
EMP1016,2024-01-12,8.0,8.36,0.36,OPS,TOR,Analyst,senior,part-time,6,11,8.5,7.2,False,
EMP1016,2024-01-15,8.0,6.8,0,OPS,VAN,Engineer,junior,full-time,11,15,7.82,7.2,False,
EMP1016,2024-01-16,8.0,0.0,0,OPS,VAN,Engineer,mid,full-time,7,6,7.13,7.2,True,sick
EMP1016,2024-01-17,8.0,7.05,0,OPS,VAN,Analyst,mid,full-time,9,7,8.45,7.2,False,
EMP1016,2024-01-18,8.0,6.96,0,OPS,REMOTE,Engineer,senior,full-time,10,10,8.71,7.2,False,
EMP1016,2024-01-19,8.0,7.16,0,OPS,VAN,Coordinator,senior,part-time,6,6,9.27,7.2,False,
EMP1016,2024-01-22,8.0,7.1,0,OPS,REMOTE,Analyst,mid,part-time,8,7,7.19,7.2,False,
EMP1016,2024-01-23,8.0,7.4,0,OPS,REMOTE,Coordinator,senior,part-time,3,15,9.2,7.2,False,
EMP1016,2024-01-24,8.0,8.26,0.26,OPS,TOR,Coordinator,mid,part-time,3,8,7.98,7.2,False,
EMP1016,2024-01-25,8.0,8.0,0,OPS,REMOTE,Engineer,senior,full-time,8,10,6.82,7.2,False,
EMP1016,2024-01-26,8.0,8.16,0.16,OPS,VAN,Coordinator,senior,full-time,10,6,6.45,7.2,False,
EMP1016,2024-01-29,8.0,7.43,0,OPS,TOR,Engineer,mid,part-time,11,11,7.76,7.2,False,
EMP1016,2024-01-30,8.0,8.34,0.34,OPS,REMOTE,Coordinator,junior,part-time,4,9,6.65,7.2,False,
EMP1017,2024-01-01,8.0,7.17,0,OPS,VAN,Analyst,senior,full-time,7,11,8.74,7.2,False,
EMP1017,2024-01-02,8.0,6.94,0,OPS,TOR,Analyst,junior,part-time,12,14,6.58,7.2,False,
EMP1017,2024-01-03,8.0,8.38,0.38,OPS,TOR,Engineer,junior,full-time,3,7,7.99,7.2,False,
EMP1017,2024-01-04,8.0,8.04,0.04,OPS,REMOTE,Analyst,junior,part-time,5,9,8.75,7.2,False,
EMP1017,2024-01-05,8.0,8.96,0.96,OPS,VAN,Analyst,mid,full-time,7,14,8.41,7.2,False,
EMP1017,2024-01-08,8.0,8.03,0.03,OPS,TOR,Analyst,senior,full-time,8,7,7.22,7.2,False,
EMP1017,2024-01-09,8.0,8.18,0.18,OPS,REMOTE,Engineer,junior,full-time,3,5,7.18,7.2,False,
EMP1017,2024-01-10,8.0,7.72,0,OPS,TOR,Engineer,junior,part-time,6,10,7.19,7.2,False,
EMP1017,2024-01-11,8.0,7.57,0,OPS,TOR,Coordinator,mid,full-time,11,15,9.29,7.2,False,
EMP1017,2024-01-12,8.0,8.73,0.73,OPS,TOR,Analyst,junior,part-time,7,9,7.45,7.2,False,
EMP1017,2024-01-15,8.0,6.82,0,OPS,TOR,Analyst,senior,part-time,12,8,7.88,7.2,False,
EMP1017,2024-01-16,8.0,7.98,0,OPS,TOR,Coordinator,senior,full-time,5,5,9.38,7.2,False,
EMP1017,2024-01-17,8.0,0.0,0,OPS,REMOTE,Analyst,senior,full-time,5,5,8.83,7.2,True,
EMP1017,2024-01-18,8.0,8.55,0.55,OPS,TOR,Engineer,senior,full-time,9,12,9.48,7.2,False,
EMP1017,2024-01-19,8.0,7.14,0,OPS,VAN,Engineer,junior,full-time,11,11,8.64,7.2,False,
EMP1017,2024-01-22,8.0,9.14,1.14,OPS,TOR,Coordinator,junior,full-time,9,6,8.29,7.2,False,
EMP1017,2024-01-23,8.0,8.39,0.39,OPS,TOR,Engineer,mid,part-time,8,11,8.64,7.2,False,
EMP1017,2024-01-24,8.0,7.56,0,OPS,VAN,Engineer,junior,full-time,5,14,6.75,7.2,False,
EMP1017,2024-01-25,8.0,7.88,0,OPS,VAN,Analyst,junior,part-time,6,12,7.39,7.2,False,
EMP1017,2024-01-26,8.0,7.09,0,OPS,TOR,Coordinator,mid,full-time,6,10,6.87,7.2,False,
EMP1017,2024-01-29,8.0,9.12,1.12,OPS,VAN,Coordinator,junior,part-time,7,7,6.5,7.2,False,
EMP1017,2024-01-30,8.0,7.89,0,OPS,REMOTE,Coordinator,junior,full-time,10,6,8.97,7.2,False,
EMP1018,2024-01-01,8.0,6.95,0,OPS,TOR,Engineer,junior,part-time,8,15,8.42,7.2,False,
EMP1018,2024-01-02,8.0,8.2,0.2,OPS,VAN,Engineer,junior,full-time,6,15,7.82,7.2,False,
EMP1018,2024-01-03,8.0,8.97,0.97,OPS,VAN,Engineer,junior,part-time,3,7,9.36,7.2,False,
EMP1018,2024-01-04,8.0,8.54,0.54,OPS,VAN,Engineer,mid,part-time,5,10,7.09,7.2,False,
EMP1018,2024-01-05,8.0,7.47,0,OPS,TOR,Engineer,senior,full-time,7,12,7.72,7.2,False,
EMP1018,2024-01-08,8.0,6.95,0,OPS,VAN,Analyst,junior,part-time,6,15,9.23,7.2,False,
EMP1018,2024-01-09,8.0,8.31,0.31,OPS,REMOTE,Engineer,mid,part-time,10,13,8.9,7.2,False,
EMP1018,2024-01-10,8.0,8.16,0.16,OPS,VAN,Analyst,mid,full-time,3,10,8.31,7.2,False,
EMP1018,2024-01-11,8.0,0.0,0,OPS,VAN,Engineer,mid,part-time,12,14,9.6,7.2,True,personal
EMP1018,2024-01-12,8.0,8.38,0.38,OPS,VAN,Coordinator,senior,full-time,6,14,9.11,7.2,False,
EMP1018,2024-01-15,8.0,7.65,0,OPS,TOR,Engineer,junior,part-time,8,14,6.49,7.2,False,
EMP1018,2024-01-16,8.0,9.07,1.07,OPS,REMOTE,Engineer,senior,full-time,10,13,7.39,7.2,False,
EMP1018,2024-01-17,8.0,7.02,0,OPS,TOR,Coordinator,junior,full-time,11,12,6.4,7.2,False,
EMP1018,2024-01-18,8.0,7.28,0,OPS,TOR,Analyst,senior,full-time,8,5,6.47,7.2,False,
EMP1018,2024-01-19,8.0,9.0,1.0,OPS,TOR,Coordinator,mid,full-time,8,15,7.67,7.2,False,
EMP1018,2024-01-22,8.0,7.52,0,OPS,TOR,Engineer,senior,part-time,10,15,7.42,7.2,False,
EMP1018,2024-01-23,8.0,8.15,0.15,OPS,REMOTE,Analyst,junior,full-time,9,9,8.75,7.2,False,
EMP1018,2024-01-24,8.0,7.23,0,OPS,TOR,Coordinator,senior,part-time,12,5,6.98,7.2,False,
EMP1018,2024-01-25,8.0,8.74,0.74,OPS,REMOTE,Engineer,senior,full-time,10,7,7.46,7.2,False,
EMP1018,2024-01-26,8.0,7.63,0,OPS,VAN,Engineer,senior,full-time,8,12,6.44,7.2,False,
EMP1018,2024-01-29,8.0,8.46,0.46,OPS,VAN,Analyst,junior,full-time,3,11,7.8,7.2,False,
EMP1018,2024-01-30,8.0,7.2,0,OPS,VAN,Analyst,mid,part-time,11,11,6.72,7.2,False,
EMP1019,2024-01-01,8.0,8.19,0.19,SALES,REMOTE,Engineer,junior,part-time,4,5,7.34,7.2,False,
EMP1019,2024-01-02,8.0,9.08,1.08,SALES,TOR,Analyst,junior,part-time,5,6,8.15,7.2,False,
EMP1019,2024-01-03,8.0,7.02,0,SALES,REMOTE,Coordinator,mid,full-time,9,15,6.93,7.2,False,
EMP1019,2024-01-04,8.0,7.18,0,SALES,TOR,Analyst,junior,full-time,9,13,8.71,7.2,False,
EMP1019,2024-01-05,8.0,7.44,0,SALES,VAN,Analyst,junior,full-time,3,11,8.23,7.2,False,
EMP1019,2024-01-08,8.0,7.17,0,SALES,VAN,Engineer,mid,full-time,7,15,8.4,7.2,False,
EMP1019,2024-01-09,8.0,7.03,0,SALES,TOR,Engineer,senior,part-time,4,12,9.1,7.2,False,
EMP1019,2024-01-10,8.0,7.75,0,SALES,VAN,Coordinator,mid,full-time,11,11,6.99,7.2,False,
EMP1019,2024-01-11,8.0,7.69,0,SALES,VAN,Engineer,mid,part-time,10,9,7.12,7.2,False,
EMP1019,2024-01-12,8.0,6.95,0,SALES,REMOTE,Coordinator,junior,full-time,8,13,7.72,7.2,False,
EMP1019,2024-01-15,8.0,7.35,0,SALES,TOR,Analyst,senior,part-time,11,15,9.17,7.2,False,
EMP1019,2024-01-16,8.0,8.92,0.92,SALES,VAN,Analyst,junior,part-time,3,13,8.23,7.2,False,
EMP1019,2024-01-17,8.0,8.17,0.17,SALES,REMOTE,Engineer,junior,part-time,5,7,9.51,7.2,False,
EMP1019,2024-01-18,8.0,7.1,0,SALES,VAN,Engineer,senior,part-time,6,15,6.87,7.2,False,
EMP1019,2024-01-19,8.0,7.57,0,SALES,REMOTE,Engineer,junior,part-time,11,11,8.17,7.2,False,
EMP1019,2024-01-22,8.0,8.05,0.05,SALES,TOR,Coordinator,senior,part-time,4,11,6.88,7.2,False,
EMP1019,2024-01-23,8.0,8.2,0.2,SALES,TOR,Engineer,senior,full-time,7,13,9.22,7.2,False,
EMP1019,2024-01-24,8.0,7.43,0,SALES,REMOTE,Analyst,senior,part-time,3,7,7.28,7.2,False,
EMP1019,2024-01-25,8.0,8.26,0.26,SALES,REMOTE,Analyst,junior,part-time,8,8,6.56,7.2,False,
EMP1019,2024-01-26,8.0,7.44,0,SALES,VAN,Engineer,mid,part-time,7,9,9.1,7.2,False,
EMP1019,2024-01-29,8.0,8.44,0.44,SALES,TOR,Engineer,mid,part-time,8,9,8.73,7.2,False,
EMP1019,2024-01-30,8.0,7.01,0,SALES,VAN,Engineer,mid,part-time,11,10,9.03,7.2,False,
EMP1020,2024-01-01,8.0,6.96,0,HR,REMOTE,Coordinator,mid,full-time,11,14,6.49,7.2,False,
EMP1020,2024-01-02,8.0,8.8,0.8,HR,TOR,Engineer,junior,part-time,3,10,8.65,7.2,False,
EMP1020,2024-01-03,8.0,8.78,0.78,HR,REMOTE,Analyst,senior,full-time,3,8,7.59,7.2,False,
EMP1020,2024-01-04,8.0,7.23,0,HR,VAN,Coordinator,senior,part-time,8,7,9.08,7.2,False,
EMP1020,2024-01-05,8.0,8.79,0.79,HR,TOR,Analyst,junior,part-time,3,7,9.13,7.2,False,
EMP1020,2024-01-08,8.0,7.31,0,HR,TOR,Coordinator,junior,full-time,7,15,7.71,7.2,False,
EMP1020,2024-01-09,8.0,0.0,0,HR,REMOTE,Engineer,mid,full-time,10,7,8.32,7.2,True,sick
EMP1020,2024-01-10,8.0,8.26,0.26,HR,VAN,Coordinator,senior,part-time,9,11,9.13,7.2,False,
EMP1020,2024-01-11,8.0,7.32,0,HR,VAN,Coordinator,senior,part-time,12,6,6.42,7.2,False,
EMP1020,2024-01-12,8.0,9.12,1.12,HR,VAN,Coordinator,senior,part-time,7,15,6.75,7.2,False,
EMP1020,2024-01-15,8.0,9.17,1.17,HR,REMOTE,Analyst,mid,part-time,7,8,6.88,7.2,False,
EMP1020,2024-01-16,8.0,8.96,0.96,HR,REMOTE,Analyst,senior,part-time,5,5,8.5,7.2,False,
EMP1020,2024-01-17,8.0,7.42,0,HR,VAN,Analyst,mid,full-time,12,14,9.01,7.2,False,
EMP1020,2024-01-18,8.0,8.51,0.51,HR,REMOTE,Coordinator,senior,part-time,8,13,7.36,7.2,False,
EMP1020,2024-01-19,8.0,8.38,0.38,HR,REMOTE,Engineer,mid,full-time,10,7,8.77,7.2,False,
EMP1020,2024-01-22,8.0,8.14,0.14,HR,TOR,Coordinator,mid,full-time,6,10,7.11,7.2,False,
EMP1020,2024-01-23,8.0,7.81,0,HR,VAN,Analyst,mid,part-time,10,6,7.91,7.2,False,
EMP1020,2024-01-24,8.0,8.2,0.2,HR,REMOTE,Engineer,mid,full-time,11,6,9.18,7.2,False,
EMP1020,2024-01-25,8.0,7.52,0,HR,TOR,Engineer,junior,full-time,8,11,9.56,7.2,False,
EMP1020,2024-01-26,8.0,9.17,1.17,HR,TOR,Analyst,senior,full-time,4,12,7.46,7.2,False,
EMP1020,2024-01-29,8.0,7.55,0,HR,TOR,Engineer,mid,part-time,6,7,8.24,7.2,False,
EMP1020,2024-01-30,8.0,8.68,0.68,HR,TOR,Engineer,senior,part-time,9,11,7.77,7.2,False,
EMP1021,2024-01-01,8.0,6.89,0,SALES,TOR,Coordinator,mid,full-time,8,13,7.01,7.2,False,
EMP1021,2024-01-02,8.0,8.3,0.3,SALES,TOR,Engineer,senior,part-time,7,7,6.73,7.2,False,
EMP1021,2024-01-03,8.0,7.53,0,SALES,TOR,Engineer,mid,part-time,10,13,8.31,7.2,False,
EMP1021,2024-01-04,8.0,8.93,0.93,SALES,TOR,Analyst,mid,part-time,6,7,9.43,7.2,False,
EMP1021,2024-01-05,8.0,7.77,0,SALES,TOR,Engineer,senior,full-time,6,5,8.29,7.2,False,
EMP1021,2024-01-08,8.0,7.68,0,SALES,REMOTE,Engineer,mid,part-time,11,14,6.56,7.2,False,
EMP1021,2024-01-09,8.0,8.39,0.39,SALES,REMOTE,Engineer,junior,full-time,9,12,7.62,7.2,False,
EMP1021,2024-01-10,8.0,7.94,0,SALES,TOR,Engineer,senior,full-time,7,11,8.52,7.2,False,
EMP1021,2024-01-11,8.0,7.45,0,SALES,REMOTE,Coordinator,junior,part-time,4,13,8.7,7.2,False,
EMP1021,2024-01-12,8.0,7.07,0,SALES,TOR,Analyst,junior,full-time,7,13,9.51,7.2,False,
EMP1021,2024-01-15,8.0,7.78,0,SALES,TOR,Engineer,senior,part-time,6,12,7.46,7.2,False,
EMP1021,2024-01-16,8.0,0.0,0,SALES,REMOTE,Engineer,junior,part-time,2,6,8.89,7.2,True,sick
EMP1021,2024-01-17,8.0,7.04,0,SALES,VAN,Coordinator,junior,part-time,7,9,7.89,7.2,False,
EMP1021,2024-01-18,8.0,7.22,0,SALES,TOR,Analyst,mid,part-time,9,6,6.7,7.2,False,
EMP1021,2024-01-19,8.0,6.91,0,SALES,TOR,Coordinator,senior,full-time,8,10,9.26,7.2,False,
EMP1021,2024-01-22,8.0,7.44,0,SALES,REMOTE,Engineer,mid,part-time,5,6,7.68,7.2,False,
EMP1021,2024-01-23,8.0,7.45,0,SALES,VAN,Coordinator,mid,part-time,5,6,6.82,7.2,False,
EMP1021,2024-01-24,8.0,9.16,1.16,SALES,TOR,Engineer,mid,part-time,12,15,7.8,7.2,False,
EMP1021,2024-01-25,8.0,8.67,0.67,SALES,REMOTE,Engineer,senior,full-time,10,12,6.76,7.2,False,
EMP1021,2024-01-26,8.0,6.91,0,SALES,VAN,Coordinator,mid,full-time,11,14,8.72,7.2,False,
EMP1021,2024-01-29,8.0,9.09,1.09,SALES,VAN,Coordinator,senior,full-time,9,15,8.73,7.2,False,
EMP1021,2024-01-30,8.0,8.39,0.39,SALES,REMOTE,Analyst,junior,full-time,3,15,9.39,7.2,False,
EMP1022,2024-01-01,8.0,8.84,0.84,HR,TOR,Engineer,mid,part-time,6,10,9.5,7.2,False,
EMP1022,2024-01-02,8.0,7.33,0,HR,REMOTE,Analyst,mid,full-time,4,12,7.82,7.2,False,
EMP1022,2024-01-03,8.0,7.01,0,HR,VAN,Analyst,mid,full-time,10,15,6.46,7.2,False,
EMP1022,2024-01-04,8.0,6.89,0,HR,REMOTE,Engineer,junior,part-time,11,13,7.06,7.2,False,
EMP1022,2024-01-05,8.0,9.08,1.08,HR,VAN,Engineer,junior,part-time,8,13,8.86,7.2,False,
EMP1022,2024-01-08,8.0,8.52,0.52,HR,VAN,Coordinator,mid,full-time,4,15,7.11,7.2,False,
EMP1022,2024-01-09,8.0,8.79,0.79,HR,VAN,Coordinator,senior,part-time,4,5,9.27,7.2,False,
EMP1022,2024-01-10,8.0,8.77,0.77,HR,REMOTE,Coordinator,mid,full-time,7,14,7.03,7.2,False,
EMP1022,2024-01-11,8.0,8.85,0.85,HR,TOR,Analyst,junior,part-time,4,11,6.55,7.2,False,
EMP1022,2024-01-12,8.0,8.41,0.41,HR,TOR,Analyst,mid,full-time,10,5,8.1,7.2,False,
EMP1022,2024-01-15,8.0,9.04,1.04,HR,REMOTE,Analyst,senior,full-time,12,7,8.74,7.2,False,
EMP1022,2024-01-16,8.0,7.73,0,HR,REMOTE,Coordinator,mid,part-time,9,14,9.33,7.2,False,
EMP1022,2024-01-17,8.0,7.46,0,HR,VAN,Analyst,mid,full-time,5,11,8.33,7.2,False,
EMP1022,2024-01-18,8.0,8.03,0.03,HR,REMOTE,Coordinator,mid,full-time,6,8,8.4,7.2,False,
EMP1022,2024-01-19,8.0,7.63,0,HR,REMOTE,Engineer,senior,full-time,11,13,8.62,7.2,False,
EMP1022,2024-01-22,8.0,7.08,0,HR,VAN,Coordinator,mid,part-time,11,9,9.21,7.2,False,
EMP1022,2024-01-23,8.0,6.83,0,HR,TOR,Engineer,mid,full-time,3,15,6.58,7.2,False,
EMP1022,2024-01-24,8.0,8.69,0.69,HR,VAN,Coordinator,mid,full-time,3,9,7.05,7.2,False,
EMP1022,2024-01-25,8.0,7.66,0,HR,VAN,Engineer,senior,full-time,11,11,7.16,7.2,False,
EMP1022,2024-01-26,8.0,8.72,0.72,HR,VAN,Coordinator,senior,full-time,9,11,7.73,7.2,False,
EMP1022,2024-01-29,8.0,8.44,0.44,HR,REMOTE,Engineer,junior,part-time,6,14,9.18,7.2,False,
EMP1022,2024-01-30,8.0,7.86,0,HR,TOR,Coordinator,senior,part-time,12,13,8.76,7.2,False,
EMP1023,2024-01-01,8.0,9.11,1.11,OPS,VAN,Analyst,junior,full-time,5,7,8.75,7.2,False,
EMP1023,2024-01-02,8.0,6.9,0,OPS,VAN,Coordinator,mid,full-time,5,14,9.11,7.2,False,
EMP1023,2024-01-03,8.0,0.0,0,OPS,VAN,Coordinator,junior,full-time,2,10,8.31,7.2,True,vacation
EMP1023,2024-01-04,8.0,8.17,0.17,OPS,VAN,Engineer,senior,part-time,11,8,9.46,7.2,False,
EMP1023,2024-01-05,8.0,8.69,0.69,OPS,TOR,Analyst,senior,part-time,4,10,7.11,7.2,False,
EMP1023,2024-01-08,8.0,7.6,0,OPS,VAN,Analyst,junior,part-time,11,15,6.43,7.2,False,
EMP1023,2024-01-09,8.0,7.87,0,OPS,REMOTE,Coordinator,senior,full-time,3,15,9.23,7.2,False,
EMP1023,2024-01-10,8.0,8.71,0.71,OPS,TOR,Analyst,mid,part-time,3,13,9.03,7.2,False,
EMP1023,2024-01-11,8.0,8.73,0.73,OPS,VAN,Analyst,junior,part-time,6,10,8.04,7.2,False,
EMP1023,2024-01-12,8.0,7.2,0,OPS,REMOTE,Coordinator,junior,full-time,6,15,8.41,7.2,False,
EMP1023,2024-01-15,8.0,8.44,0.44,OPS,TOR,Engineer,senior,part-time,4,15,6.89,7.2,False,
EMP1023,2024-01-16,8.0,7.6,0,OPS,TOR,Engineer,junior,full-time,7,13,6.63,7.2,False,
EMP1023,2024-01-17,8.0,8.99,0.99,OPS,VAN,Analyst,mid,part-time,9,10,6.45,7.2,False,
EMP1023,2024-01-18,8.0,8.08,0.08,OPS,REMOTE,Coordinator,senior,full-time,12,5,8.64,7.2,False,
EMP1023,2024-01-19,8.0,9.03,1.03,OPS,TOR,Analyst,senior,part-time,12,6,7.3,7.2,False,
EMP1023,2024-01-22,8.0,7.72,0,OPS,REMOTE,Engineer,mid,full-time,11,8,6.84,7.2,False,
EMP1023,2024-01-23,8.0,8.71,0.71,OPS,REMOTE,Analyst,senior,full-time,7,15,9.24,7.2,False,
EMP1023,2024-01-24,8.0,8.88,0.88,OPS,REMOTE,Analyst,junior,full-time,4,5,6.42,7.2,False,
EMP1023,2024-01-25,8.0,8.09,0.09,OPS,TOR,Analyst,junior,part-time,6,11,9.3,7.2,False,
EMP1023,2024-01-26,8.0,7.14,0,OPS,TOR,Engineer,senior,part-time,6,6,6.98,7.2,False,
EMP1023,2024-01-29,8.0,8.85,0.85,OPS,REMOTE,Analyst,senior,full-time,7,15,6.62,7.2,False,
EMP1023,2024-01-30,8.0,8.54,0.54,OPS,VAN,Analyst,mid,full-time,6,6,7.31,7.2,False,
EMP1024,2024-01-01,8.0,7.56,0,ENG,VAN,Analyst,senior,part-time,12,7,8.21,7.2,False,
EMP1024,2024-01-02,8.0,7.56,0,ENG,VAN,Engineer,junior,part-time,6,8,8.68,7.2,False,
EMP1024,2024-01-03,8.0,7.46,0,ENG,VAN,Engineer,senior,part-time,10,12,7.83,7.2,False,
EMP1024,2024-01-04,8.0,7.97,0,ENG,TOR,Engineer,senior,full-time,7,7,9.25,7.2,False,
EMP1024,2024-01-05,8.0,8.56,0.56,ENG,REMOTE,Engineer,senior,full-time,3,13,8.42,7.2,False,
EMP1024,2024-01-08,8.0,8.19,0.19,ENG,REMOTE,Engineer,junior,part-time,11,13,7.91,7.2,False,
EMP1024,2024-01-09,8.0,7.68,0,ENG,TOR,Coordinator,senior,part-time,5,12,8.0,7.2,False,
EMP1024,2024-01-10,8.0,7.67,0,ENG,TOR,Coordinator,junior,full-time,11,7,7.83,7.2,False,
EMP1024,2024-01-11,8.0,9.08,1.08,ENG,REMOTE,Engineer,senior,part-time,8,5,7.1,7.2,False,
EMP1024,2024-01-12,8.0,6.95,0,ENG,VAN,Engineer,junior,full-time,11,10,7.64,7.2,False,
EMP1024,2024-01-15,8.0,8.92,0.92,ENG,TOR,Coordinator,mid,full-time,11,15,9.05,7.2,False,
EMP1024,2024-01-16,8.0,7.43,0,ENG,REMOTE,Coordinator,junior,part-time,9,10,8.28,7.2,False,
EMP1024,2024-01-17,8.0,6.99,0,ENG,VAN,Analyst,junior,part-time,8,10,7.96,7.2,False,
EMP1024,2024-01-18,8.0,8.25,0.25,ENG,REMOTE,Engineer,mid,full-time,6,6,8.05,7.2,False,
EMP1024,2024-01-19,8.0,7.16,0,ENG,TOR,Analyst,senior,full-time,6,11,9.0,7.2,False,
EMP1024,2024-01-22,8.0,7.96,0,ENG,VAN,Analyst,junior,full-time,9,5,7.18,7.2,False,
EMP1024,2024-01-23,8.0,8.22,0.22,ENG,TOR,Coordinator,senior,full-time,12,7,6.58,7.2,False,
EMP1024,2024-01-24,8.0,7.23,0,ENG,VAN,Coordinator,senior,full-time,7,6,7.09,7.2,False,
EMP1024,2024-01-25,8.0,7.93,0,ENG,VAN,Engineer,junior,part-time,12,7,8.94,7.2,False,
EMP1024,2024-01-26,8.0,7.24,0,ENG,REMOTE,Coordinator,mid,full-time,8,12,8.31,7.2,False,
EMP1024,2024-01-29,8.0,7.71,0,ENG,TOR,Engineer,junior,full-time,11,13,8.59,7.2,False,
EMP1024,2024-01-30,8.0,8.25,0.25,ENG,TOR,Analyst,senior,full-time,11,13,8.81,7.2,False,
EMP1025,2024-01-01,8.0,7.11,0,ENG,REMOTE,Coordinator,junior,part-time,11,11,7.59,7.2,False,
EMP1025,2024-01-02,8.0,8.07,0.07,ENG,TOR,Analyst,mid,part-time,12,14,6.71,7.2,False,
EMP1025,2024-01-03,8.0,7.95,0,ENG,TOR,Engineer,mid,part-time,7,8,6.42,7.2,False,
EMP1025,2024-01-04,8.0,6.82,0,ENG,REMOTE,Engineer,senior,full-time,9,15,7.06,7.2,False,
EMP1025,2024-01-05,8.0,7.78,0,ENG,TOR,Engineer,mid,part-time,7,13,7.76,7.2,False,
EMP1025,2024-01-08,8.0,7.46,0,ENG,REMOTE,Analyst,junior,part-time,11,13,7.94,7.2,False,
EMP1025,2024-01-09,8.0,8.13,0.13,ENG,VAN,Analyst,senior,part-time,9,7,9.14,7.2,False,
EMP1025,2024-01-10,8.0,8.59,0.59,ENG,VAN,Coordinator,junior,full-time,6,13,7.68,7.2,False,
EMP1025,2024-01-11,8.0,8.12,0.12,ENG,REMOTE,Coordinator,senior,full-time,5,11,9.49,7.2,False,
EMP1025,2024-01-12,8.0,0.0,0,ENG,TOR,Engineer,mid,part-time,1,6,7.24,7.2,True,vacation
EMP1025,2024-01-15,8.0,6.89,0,ENG,VAN,Analyst,senior,part-time,12,5,9.43,7.2,False,
EMP1025,2024-01-16,8.0,8.34,0.34,ENG,VAN,Engineer,junior,part-time,6,5,8.91,7.2,False,
EMP1025,2024-01-17,8.0,8.48,0.48,ENG,REMOTE,Engineer,senior,full-time,8,8,8.5,7.2,False,
EMP1025,2024-01-18,8.0,7.01,0,ENG,VAN,Analyst,mid,part-time,9,14,7.04,7.2,False,
EMP1025,2024-01-19,8.0,0.0,0,ENG,REMOTE,Engineer,junior,part-time,11,13,9.33,7.2,True,vacation
EMP1025,2024-01-22,8.0,8.76,0.76,ENG,TOR,Coordinator,junior,part-time,9,14,6.41,7.2,False,
EMP1025,2024-01-23,8.0,8.01,0.01,ENG,REMOTE,Engineer,senior,part-time,8,6,8.97,7.2,False,
EMP1025,2024-01-24,8.0,8.9,0.9,ENG,REMOTE,Analyst,senior,part-time,9,14,7.95,7.2,False,
EMP1025,2024-01-25,8.0,7.62,0,ENG,VAN,Coordinator,mid,full-time,10,6,7.23,7.2,False,
EMP1025,2024-01-26,8.0,8.69,0.69,ENG,TOR,Coordinator,senior,full-time,8,11,9.46,7.2,False,
EMP1025,2024-01-29,8.0,6.82,0,ENG,VAN,Engineer,mid,full-time,9,15,8.8,7.2,False,
EMP1025,2024-01-30,8.0,8.13,0.13,ENG,TOR,Analyst,mid,part-time,6,14,7.26,7.2,False,
EMP1026,2024-01-01,8.0,7.28,0,OPS,REMOTE,Engineer,mid,full-time,6,8,9.07,7.2,False,
EMP1026,2024-01-02,8.0,7.65,0,OPS,TOR,Engineer,junior,part-time,12,5,8.85,7.2,False,
EMP1026,2024-01-03,8.0,6.9,0,OPS,VAN,Analyst,senior,part-time,10,14,9.18,7.2,False,
EMP1026,2024-01-04,8.0,9.16,1.16,OPS,REMOTE,Analyst,mid,full-time,12,7,6.57,7.2,False,
EMP1026,2024-01-05,8.0,7.95,0,OPS,REMOTE,Engineer,senior,part-time,9,15,8.88,7.2,False,
EMP1026,2024-01-08,8.0,7.09,0,OPS,REMOTE,Analyst,mid,full-time,3,15,7.07,7.2,False,
EMP1026,2024-01-09,8.0,7.58,0,OPS,REMOTE,Analyst,junior,part-time,6,9,7.91,7.2,False,
EMP1026,2024-01-10,8.0,7.68,0,OPS,VAN,Analyst,junior,part-time,8,10,9.13,7.2,False,
EMP1026,2024-01-11,8.0,7.23,0,OPS,TOR,Coordinator,senior,full-time,4,9,8.97,7.2,False,
EMP1026,2024-01-12,8.0,8.86,0.86,OPS,TOR,Engineer,senior,full-time,10,5,6.97,7.2,False,
EMP1026,2024-01-15,8.0,9.19,1.19,OPS,REMOTE,Coordinator,senior,part-time,10,9,7.2,7.2,False,
EMP1026,2024-01-16,8.0,6.91,0,OPS,TOR,Coordinator,junior,full-time,6,9,7.92,7.2,False,
EMP1026,2024-01-17,8.0,7.88,0,OPS,VAN,Analyst,mid,part-time,11,13,9.38,7.2,False,
EMP1026,2024-01-18,8.0,6.85,0,OPS,TOR,Analyst,senior,full-time,12,14,8.48,7.2,False,
EMP1026,2024-01-19,8.0,9.15,1.15,OPS,VAN,Analyst,mid,part-time,10,6,7.62,7.2,False,
EMP1026,2024-01-22,8.0,8.32,0.32,OPS,TOR,Engineer,senior,part-time,9,15,8.36,7.2,False,
EMP1026,2024-01-23,8.0,8.98,0.98,OPS,TOR,Engineer,mid,full-time,8,10,8.49,7.2,False,
EMP1026,2024-01-24,8.0,8.25,0.25,OPS,VAN,Analyst,mid,part-time,12,13,9.49,7.2,False,
EMP1026,2024-01-25,8.0,7.24,0,OPS,TOR,Engineer,senior,full-time,7,6,7.07,7.2,False,
EMP1026,2024-01-26,8.0,7.03,0,OPS,VAN,Coordinator,junior,full-time,9,13,8.85,7.2,False,
EMP1026,2024-01-29,8.0,7.43,0,OPS,TOR,Engineer,senior,part-time,7,8,7.19,7.2,False,
EMP1026,2024-01-30,8.0,8.3,0.3,OPS,TOR,Coordinator,junior,full-time,3,15,7.54,7.2,False,
EMP1027,2024-01-01,8.0,7.92,0,SUPPORT,REMOTE,Analyst,senior,part-time,5,13,6.97,7.2,False,
EMP1027,2024-01-02,8.0,8.31,0.31,SUPPORT,REMOTE,Coordinator,mid,part-time,8,12,8.13,7.2,False,
EMP1027,2024-01-03,8.0,7.86,0,SUPPORT,VAN,Analyst,mid,full-time,7,5,6.4,7.2,False,
EMP1027,2024-01-04,8.0,8.84,0.84,SUPPORT,VAN,Analyst,mid,full-time,10,12,7.36,7.2,False,
EMP1027,2024-01-05,8.0,8.72,0.72,SUPPORT,REMOTE,Engineer,junior,part-time,6,11,9.22,7.2,False,
EMP1027,2024-01-08,8.0,7.4,0,SUPPORT,REMOTE,Coordinator,senior,part-time,9,8,7.24,7.2,False,
EMP1027,2024-01-09,8.0,7.37,0,SUPPORT,REMOTE,Coordinator,senior,part-time,7,15,8.78,7.2,False,
EMP1027,2024-01-10,8.0,7.79,0,SUPPORT,TOR,Engineer,junior,part-time,4,15,7.86,7.2,False,
EMP1027,2024-01-11,8.0,8.48,0.48,SUPPORT,VAN,Engineer,mid,full-time,5,5,9.5,7.2,False,
EMP1027,2024-01-12,8.0,0.0,0,SUPPORT,TOR,Analyst,mid,full-time,11,12,8.73,7.2,True,personal
EMP1027,2024-01-15,8.0,6.84,0,SUPPORT,TOR,Analyst,mid,part-time,10,10,7.88,7.2,False,
EMP1027,2024-01-16,8.0,7.59,0,SUPPORT,TOR,Engineer,mid,part-time,4,13,7.9,7.2,False,
EMP1027,2024-01-17,8.0,8.82,0.82,SUPPORT,VAN,Engineer,junior,full-time,9,12,7.19,7.2,False,
EMP1027,2024-01-18,8.0,7.28,0,SUPPORT,REMOTE,Engineer,senior,full-time,10,11,8.58,7.2,False,
EMP1027,2024-01-19,8.0,7.58,0,SUPPORT,REMOTE,Coordinator,junior,full-time,7,12,8.44,7.2,False,
EMP1027,2024-01-22,8.0,8.93,0.93,SUPPORT,REMOTE,Engineer,junior,full-time,9,10,6.45,7.2,False,
EMP1027,2024-01-23,8.0,8.2,0.2,SUPPORT,VAN,Engineer,junior,full-time,12,12,8.6,7.2,False,
EMP1027,2024-01-24,8.0,8.65,0.65,SUPPORT,TOR,Engineer,mid,full-time,12,10,9.38,7.2,False,
EMP1027,2024-01-25,8.0,8.3,0.3,SUPPORT,TOR,Analyst,senior,full-time,11,6,6.8,7.2,False,
EMP1027,2024-01-26,8.0,9.16,1.16,SUPPORT,REMOTE,Analyst,mid,full-time,3,11,7.55,7.2,False,
EMP1027,2024-01-29,8.0,8.96,0.96,SUPPORT,VAN,Coordinator,mid,part-time,11,12,7.01,7.2,False,
EMP1027,2024-01-30,8.0,7.63,0,SUPPORT,REMOTE,Analyst,mid,full-time,4,13,6.9,7.2,False,
EMP1028,2024-01-01,8.0,8.1,0.1,SUPPORT,VAN,Engineer,senior,part-time,5,5,8.38,7.2,False,
EMP1028,2024-01-02,8.0,8.29,0.29,SUPPORT,VAN,Coordinator,junior,part-time,6,13,8.59,7.2,False,
EMP1028,2024-01-03,8.0,7.17,0,SUPPORT,VAN,Analyst,mid,part-time,4,6,8.07,7.2,False,
EMP1028,2024-01-04,8.0,8.8,0.8,SUPPORT,TOR,Engineer,junior,full-time,4,12,7.01,7.2,False,
EMP1028,2024-01-05,8.0,0.0,0,SUPPORT,REMOTE,Analyst,senior,part-time,8,14,8.64,7.2,True,vacation
EMP1028,2024-01-08,8.0,7.33,0,SUPPORT,REMOTE,Engineer,junior,full-time,10,6,7.9,7.2,False,
EMP1028,2024-01-09,8.0,7.67,0,SUPPORT,REMOTE,Analyst,mid,full-time,12,9,8.09,7.2,False,
EMP1028,2024-01-10,8.0,8.8,0.8,SUPPORT,TOR,Engineer,senior,full-time,4,8,8.1,7.2,False,
EMP1028,2024-01-11,8.0,8.06,0.06,SUPPORT,TOR,Coordinator,senior,full-time,11,13,7.73,7.2,False,
EMP1028,2024-01-12,8.0,8.33,0.33,SUPPORT,VAN,Coordinator,mid,part-time,4,7,8.94,7.2,False,
EMP1028,2024-01-15,8.0,8.01,0.01,SUPPORT,REMOTE,Engineer,senior,part-time,8,10,8.16,7.2,False,
EMP1028,2024-01-16,8.0,8.83,0.83,SUPPORT,VAN,Coordinator,mid,part-time,12,8,8.2,7.2,False,
EMP1028,2024-01-17,8.0,8.64,0.64,SUPPORT,REMOTE,Analyst,mid,part-time,10,11,6.4,7.2,False,
EMP1028,2024-01-18,8.0,0.0,0,SUPPORT,VAN,Coordinator,junior,full-time,4,5,7.36,7.2,True,personal
EMP1028,2024-01-19,8.0,7.56,0,SUPPORT,REMOTE,Analyst,senior,full-time,4,5,7.87,7.2,False,
EMP1028,2024-01-22,8.0,7.44,0,SUPPORT,REMOTE,Engineer,junior,part-time,7,6,8.23,7.2,False,
EMP1028,2024-01-23,8.0,7.32,0,SUPPORT,TOR,Coordinator,mid,part-time,5,12,9.04,7.2,False,
EMP1028,2024-01-24,8.0,8.18,0.18,SUPPORT,TOR,Coordinator,senior,part-time,3,14,7.62,7.2,False,
EMP1028,2024-01-25,8.0,9.01,1.01,SUPPORT,VAN,Analyst,mid,part-time,4,8,8.79,7.2,False,
EMP1028,2024-01-26,8.0,9.03,1.03,SUPPORT,REMOTE,Coordinator,mid,full-time,7,13,6.53,7.2,False,
EMP1028,2024-01-29,8.0,7.16,0,SUPPORT,REMOTE,Coordinator,junior,full-time,3,15,8.74,7.2,False,
EMP1028,2024-01-30,8.0,7.87,0,SUPPORT,REMOTE,Coordinator,senior,full-time,6,11,7.33,7.2,False,
EMP1029,2024-01-01,8.0,7.61,0,SALES,VAN,Coordinator,senior,full-time,11,11,7.24,7.2,False,
EMP1029,2024-01-02,8.0,7.84,0,SALES,REMOTE,Engineer,junior,part-time,11,8,7.96,7.2,False,
EMP1029,2024-01-03,8.0,7.27,0,SALES,REMOTE,Coordinator,senior,full-time,6,6,7.25,7.2,False,
EMP1029,2024-01-04,8.0,8.44,0.44,SALES,REMOTE,Engineer,junior,part-time,9,10,7.51,7.2,False,
EMP1029,2024-01-05,8.0,8.23,0.23,SALES,TOR,Analyst,junior,part-time,12,12,8.39,7.2,False,
EMP1029,2024-01-08,8.0,9.02,1.02,SALES,TOR,Engineer,senior,part-time,5,6,6.76,7.2,False,
EMP1029,2024-01-09,8.0,9.08,1.08,SALES,TOR,Analyst,junior,part-time,4,9,7.84,7.2,False,
EMP1029,2024-01-10,8.0,0.0,0,SALES,TOR,Coordinator,senior,full-time,3,13,8.07,7.2,True,vacation
EMP1029,2024-01-11,8.0,8.3,0.3,SALES,TOR,Coordinator,senior,full-time,9,14,9.3,7.2,False,
EMP1029,2024-01-12,8.0,7.41,0,SALES,TOR,Analyst,junior,part-time,3,12,8.5,7.2,False,
EMP1029,2024-01-15,8.0,0.0,0,SALES,VAN,Coordinator,mid,part-time,1,5,7.34,7.2,True,
EMP1029,2024-01-16,8.0,7.71,0,SALES,REMOTE,Engineer,mid,part-time,12,13,6.68,7.2,False,
EMP1029,2024-01-17,8.0,9.12,1.12,SALES,REMOTE,Coordinator,junior,full-time,6,13,7.38,7.2,False,
EMP1029,2024-01-18,8.0,8.59,0.59,SALES,TOR,Analyst,senior,part-time,8,15,7.37,7.2,False,
EMP1029,2024-01-19,8.0,9.15,1.15,SALES,VAN,Engineer,senior,part-time,9,5,9.42,7.2,False,
EMP1029,2024-01-22,8.0,7.34,0,SALES,VAN,Analyst,senior,full-time,4,11,8.07,7.2,False,
EMP1029,2024-01-23,8.0,8.89,0.89,SALES,REMOTE,Engineer,mid,full-time,12,7,7.76,7.2,False,
EMP1029,2024-01-24,8.0,8.25,0.25,SALES,VAN,Coordinator,junior,full-time,5,14,8.13,7.2,False,
EMP1029,2024-01-25,8.0,8.87,0.87,SALES,VAN,Coordinator,senior,full-time,9,7,8.5,7.2,False,
EMP1029,2024-01-26,8.0,7.18,0,SALES,TOR,Coordinator,senior,full-time,5,10,9.09,7.2,False,
EMP1029,2024-01-29,8.0,6.87,0,SALES,VAN,Analyst,mid,part-time,10,15,9.39,7.2,False,
EMP1029,2024-01-30,8.0,8.67,0.67,SALES,TOR,Engineer,junior,full-time,12,14,7.25,7.2,False,
EMP1030,2024-01-01,8.0,8.23,0.23,HR,TOR,Coordinator,junior,part-time,4,12,6.83,7.2,False,
EMP1030,2024-01-02,8.0,7.93,0,HR,REMOTE,Analyst,junior,part-time,10,12,6.84,7.2,False,
EMP1030,2024-01-03,8.0,6.88,0,HR,TOR,Analyst,mid,full-time,6,8,6.61,7.2,False,
EMP1030,2024-01-04,8.0,9.17,1.17,HR,REMOTE,Analyst,senior,part-time,10,8,7.77,7.2,False,
EMP1030,2024-01-05,8.0,8.26,0.26,HR,VAN,Coordinator,mid,part-time,12,14,8.3,7.2,False,
EMP1030,2024-01-08,8.0,8.9,0.9,HR,TOR,Coordinator,junior,part-time,10,5,9.21,7.2,False,
EMP1030,2024-01-09,8.0,8.09,0.09,HR,REMOTE,Engineer,senior,part-time,11,15,9.48,7.2,False,
EMP1030,2024-01-10,8.0,7.85,0,HR,VAN,Analyst,mid,full-time,9,9,8.36,7.2,False,
EMP1030,2024-01-11,8.0,8.04,0.04,HR,TOR,Analyst,senior,part-time,4,13,6.76,7.2,False,
EMP1030,2024-01-12,8.0,9.05,1.05,HR,REMOTE,Coordinator,junior,part-time,9,10,7.84,7.2,False,
EMP1030,2024-01-15,8.0,8.22,0.22,HR,REMOTE,Engineer,mid,full-time,7,10,8.61,7.2,False,
EMP1030,2024-01-16,8.0,8.71,0.71,HR,REMOTE,Coordinator,junior,full-time,4,12,8.43,7.2,False,
EMP1030,2024-01-17,8.0,8.5,0.5,HR,REMOTE,Coordinator,senior,full-time,9,13,7.62,7.2,False,
EMP1030,2024-01-18,8.0,8.99,0.99,HR,REMOTE,Coordinator,junior,full-time,5,7,8.86,7.2,False,
EMP1030,2024-01-19,8.0,7.54,0,HR,REMOTE,Analyst,mid,full-time,4,7,9.47,7.2,False,
EMP1030,2024-01-22,8.0,0.0,0,HR,VAN,Engineer,mid,part-time,7,13,8.98,7.2,True,
EMP1030,2024-01-23,8.0,8.21,0.21,HR,VAN,Analyst,mid,part-time,4,14,8.32,7.2,False,
EMP1030,2024-01-24,8.0,8.11,0.11,HR,REMOTE,Coordinator,senior,full-time,3,7,6.87,7.2,False,
EMP1030,2024-01-25,8.0,6.89,0,HR,TOR,Coordinator,senior,part-time,8,6,6.56,7.2,False,
EMP1030,2024-01-26,8.0,7.23,0,HR,REMOTE,Analyst,senior,full-time,10,14,7.55,7.2,False,
EMP1030,2024-01-29,8.0,0.0,0,HR,VAN,Analyst,mid,part-time,1,11,9.1,7.2,True,sick
EMP1030,2024-01-30,8.0,7.12,0,HR,REMOTE,Analyst,mid,part-time,11,8,8.63,7.2,False,
EMP1031,2024-01-01,8.0,8.17,0.17,HR,REMOTE,Coordinator,junior,part-time,12,9,7.77,7.2,False,
EMP1031,2024-01-02,8.0,7.42,0,HR,REMOTE,Coordinator,mid,full-time,12,14,7.99,7.2,False,
EMP1031,2024-01-03,8.0,7.99,0,HR,TOR,Coordinator,junior,part-time,6,5,6.78,7.2,False,
EMP1031,2024-01-04,8.0,8.71,0.71,HR,REMOTE,Engineer,senior,part-time,9,5,7.47,7.2,False,
EMP1031,2024-01-05,8.0,8.33,0.33,HR,TOR,Coordinator,junior,part-time,7,6,7.38,7.2,False,
EMP1031,2024-01-08,8.0,7.58,0,HR,TOR,Engineer,senior,part-time,8,11,8.72,7.2,False,
EMP1031,2024-01-09,8.0,6.87,0,HR,TOR,Engineer,mid,part-time,10,12,8.95,7.2,False,
EMP1031,2024-01-10,8.0,7.96,0,HR,REMOTE,Analyst,senior,part-time,10,11,9.37,7.2,False,
EMP1031,2024-01-11,8.0,8.05,0.05,HR,REMOTE,Coordinator,senior,part-time,11,13,6.46,7.2,False,
EMP1031,2024-01-12,8.0,7.6,0,HR,VAN,Engineer,junior,part-time,3,10,9.55,7.2,False,
EMP1031,2024-01-15,8.0,8.82,0.82,HR,REMOTE,Coordinator,mid,full-time,12,6,9.17,7.2,False,
EMP1031,2024-01-16,8.0,8.49,0.49,HR,VAN,Coordinator,junior,part-time,9,6,7.99,7.2,False,
EMP1031,2024-01-17,8.0,7.88,0,HR,VAN,Engineer,senior,part-time,5,6,7.6,7.2,False,
EMP1031,2024-01-18,8.0,0.0,0,HR,TOR,Engineer,mid,full-time,12,12,9.3,7.2,True,personal
EMP1031,2024-01-19,8.0,9.02,1.02,HR,REMOTE,Coordinator,mid,part-time,5,6,9.03,7.2,False,
EMP1031,2024-01-22,8.0,8.42,0.42,HR,TOR,Engineer,senior,full-time,10,11,8.68,7.2,False,
EMP1031,2024-01-23,8.0,6.81,0,HR,TOR,Coordinator,senior,full-time,8,12,9.25,7.2,False,
EMP1031,2024-01-24,8.0,8.64,0.64,HR,REMOTE,Analyst,junior,part-time,6,10,7.04,7.2,False,
EMP1031,2024-01-25,8.0,8.08,0.08,HR,VAN,Coordinator,junior,part-time,5,7,7.28,7.2,False,
EMP1031,2024-01-26,8.0,0.0,0,HR,REMOTE,Coordinator,senior,full-time,3,13,7.52,7.2,True,vacation
EMP1031,2024-01-29,8.0,9.06,1.06,HR,VAN,Coordinator,junior,full-time,4,9,8.36,7.2,False,
EMP1031,2024-01-30,8.0,7.86,0,HR,TOR,Engineer,mid,full-time,4,11,6.57,7.2,False,
EMP1032,2024-01-01,8.0,8.49,0.49,SALES,REMOTE,Coordinator,senior,part-time,12,10,7.4,7.2,False,
EMP1032,2024-01-02,8.0,8.51,0.51,SALES,REMOTE,Coordinator,junior,part-time,12,7,6.7,7.2,False,
EMP1032,2024-01-03,8.0,8.48,0.48,SALES,TOR,Analyst,mid,part-time,10,8,9.43,7.2,False,
EMP1032,2024-01-04,8.0,8.95,0.95,SALES,VAN,Analyst,mid,full-time,8,10,7.85,7.2,False,
EMP1032,2024-01-05,8.0,0.0,0,SALES,VAN,Engineer,mid,part-time,7,7,7.3,7.2,True,vacation
EMP1032,2024-01-08,8.0,7.11,0,SALES,TOR,Analyst,senior,full-time,8,13,8.48,7.2,False,
EMP1032,2024-01-09,8.0,8.08,0.08,SALES,VAN,Coordinator,mid,full-time,12,8,8.15,7.2,False,
EMP1032,2024-01-10,8.0,7.72,0,SALES,VAN,Engineer,senior,part-time,9,14,8.92,7.2,False,
EMP1032,2024-01-11,8.0,7.37,0,SALES,REMOTE,Coordinator,junior,part-time,4,14,8.31,7.2,False,
EMP1032,2024-01-12,8.0,7.03,0,SALES,VAN,Engineer,mid,part-time,4,14,6.75,7.2,False,
EMP1032,2024-01-15,8.0,8.65,0.65,SALES,VAN,Analyst,mid,full-time,4,8,9.01,7.2,False,
EMP1032,2024-01-16,8.0,8.97,0.97,SALES,REMOTE,Engineer,junior,full-time,10,13,7.33,7.2,False,
EMP1032,2024-01-17,8.0,7.87,0,SALES,TOR,Coordinator,mid,part-time,12,15,7.37,7.2,False,
EMP1032,2024-01-18,8.0,7.84,0,SALES,VAN,Engineer,senior,full-time,12,13,7.69,7.2,False,
EMP1032,2024-01-19,8.0,7.51,0,SALES,VAN,Coordinator,junior,full-time,11,10,6.75,7.2,False,
EMP1032,2024-01-22,8.0,6.87,0,SALES,VAN,Coordinator,senior,part-time,8,11,7.7,7.2,False,
EMP1032,2024-01-23,8.0,7.31,0,SALES,TOR,Analyst,junior,full-time,11,11,9.1,7.2,False,
EMP1032,2024-01-24,8.0,7.8,0,SALES,VAN,Coordinator,junior,full-time,3,6,8.47,7.2,False,
EMP1032,2024-01-25,8.0,8.92,0.92,SALES,REMOTE,Analyst,junior,full-time,5,15,8.98,7.2,False,
EMP1032,2024-01-26,8.0,8.94,0.94,SALES,REMOTE,Coordinator,mid,full-time,10,13,7.76,7.2,False,
EMP1032,2024-01-29,8.0,7.72,0,SALES,TOR,Engineer,mid,full-time,12,12,9.11,7.2,False,
EMP1032,2024-01-30,8.0,8.0,0,SALES,VAN,Coordinator,senior,part-time,3,5,8.22,7.2,False,
EMP1033,2024-01-01,8.0,7.96,0,SUPPORT,REMOTE,Engineer,junior,part-time,10,13,6.65,7.2,False,
EMP1033,2024-01-02,8.0,7.01,0,SUPPORT,VAN,Coordinator,senior,full-time,11,14,7.4,7.2,False,
EMP1033,2024-01-03,8.0,7.62,0,SUPPORT,TOR,Analyst,mid,part-time,12,10,7.75,7.2,False,
EMP1033,2024-01-04,8.0,8.72,0.72,SUPPORT,VAN,Engineer,junior,part-time,12,9,6.6,7.2,False,
EMP1033,2024-01-05,8.0,7.21,0,SUPPORT,TOR,Coordinator,mid,full-time,7,12,6.66,7.2,False,
EMP1033,2024-01-08,8.0,8.84,0.84,SUPPORT,VAN,Analyst,junior,part-time,7,9,6.45,7.2,False,
EMP1033,2024-01-09,8.0,7.22,0,SUPPORT,REMOTE,Coordinator,junior,part-time,8,7,7.24,7.2,False,
EMP1033,2024-01-10,8.0,7.96,0,SUPPORT,REMOTE,Engineer,mid,full-time,5,14,9.39,7.2,False,
EMP1033,2024-01-11,8.0,7.99,0,SUPPORT,VAN,Analyst,junior,part-time,5,8,8.25,7.2,False,
EMP1033,2024-01-12,8.0,6.93,0,SUPPORT,VAN,Engineer,junior,full-time,10,11,7.92,7.2,False,
EMP1033,2024-01-15,8.0,9.08,1.08,SUPPORT,REMOTE,Engineer,mid,part-time,10,9,6.86,7.2,False,
EMP1033,2024-01-16,8.0,6.83,0,SUPPORT,VAN,Analyst,senior,part-time,11,15,9.46,7.2,False,
EMP1033,2024-01-17,8.0,8.08,0.08,SUPPORT,VAN,Analyst,senior,part-time,8,9,7.25,7.2,False,
EMP1033,2024-01-18,8.0,8.37,0.37,SUPPORT,VAN,Analyst,senior,full-time,12,8,8.06,7.2,False,
EMP1033,2024-01-19,8.0,9.18,1.18,SUPPORT,VAN,Coordinator,junior,full-time,4,5,7.72,7.2,False,
EMP1033,2024-01-22,8.0,8.45,0.45,SUPPORT,VAN,Engineer,senior,part-time,7,8,6.51,7.2,False,
EMP1033,2024-01-23,8.0,6.94,0,SUPPORT,REMOTE,Coordinator,junior,full-time,4,6,9.14,7.2,False,
EMP1033,2024-01-24,8.0,8.38,0.38,SUPPORT,REMOTE,Coordinator,junior,full-time,5,9,7.34,7.2,False,
EMP1033,2024-01-25,8.0,6.98,0,SUPPORT,VAN,Analyst,mid,part-time,7,7,8.9,7.2,False,
EMP1033,2024-01-26,8.0,6.95,0,SUPPORT,VAN,Analyst,junior,part-time,7,7,7.81,7.2,False,
EMP1033,2024-01-29,8.0,9.03,1.03,SUPPORT,REMOTE,Analyst,junior,part-time,4,7,8.13,7.2,False,
EMP1033,2024-01-30,8.0,8.27,0.27,SUPPORT,TOR,Analyst,senior,part-time,4,5,6.63,7.2,False,
EMP1034,2024-01-01,8.0,8.67,0.67,HR,TOR,Analyst,junior,full-time,3,15,7.65,7.2,False,
EMP1034,2024-01-02,8.0,7.59,0,HR,VAN,Coordinator,junior,part-time,10,11,7.69,7.2,False,
EMP1034,2024-01-03,8.0,8.75,0.75,HR,TOR,Coordinator,junior,full-time,9,12,6.79,7.2,False,
EMP1034,2024-01-04,8.0,9.18,1.18,HR,VAN,Coordinator,mid,part-time,3,15,9.59,7.2,False,
EMP1034,2024-01-05,8.0,7.68,0,HR,VAN,Engineer,mid,part-time,6,7,8.17,7.2,False,
EMP1034,2024-01-08,8.0,8.39,0.39,HR,VAN,Coordinator,mid,full-time,8,12,6.67,7.2,False,
EMP1034,2024-01-09,8.0,8.56,0.56,HR,TOR,Engineer,junior,full-time,12,8,7.97,7.2,False,
EMP1034,2024-01-10,8.0,8.1,0.1,HR,VAN,Analyst,senior,part-time,3,5,7.49,7.2,False,
EMP1034,2024-01-11,8.0,8.53,0.53,HR,VAN,Engineer,junior,part-time,11,7,8.77,7.2,False,
EMP1034,2024-01-12,8.0,6.97,0,HR,REMOTE,Engineer,mid,full-time,10,14,6.55,7.2,False,
EMP1034,2024-01-15,8.0,7.11,0,HR,TOR,Coordinator,junior,part-time,4,12,8.36,7.2,False,
EMP1034,2024-01-16,8.0,6.95,0,HR,TOR,Engineer,mid,full-time,4,8,7.76,7.2,False,
EMP1034,2024-01-17,8.0,9.16,1.16,HR,REMOTE,Analyst,mid,full-time,12,13,6.84,7.2,False,
EMP1034,2024-01-18,8.0,8.7,0.7,HR,TOR,Coordinator,junior,part-time,4,6,7.28,7.2,False,
EMP1034,2024-01-19,8.0,7.2,0,HR,VAN,Coordinator,junior,part-time,6,14,6.53,7.2,False,
EMP1034,2024-01-22,8.0,8.83,0.83,HR,REMOTE,Analyst,junior,full-time,10,6,6.42,7.2,False,
EMP1034,2024-01-23,8.0,7.01,0,HR,REMOTE,Coordinator,mid,part-time,10,7,7.06,7.2,False,
EMP1034,2024-01-24,8.0,8.06,0.06,HR,VAN,Engineer,junior,full-time,12,7,8.7,7.2,False,
EMP1034,2024-01-25,8.0,7.01,0,HR,VAN,Analyst,mid,full-time,11,8,7.01,7.2,False,
EMP1034,2024-01-26,8.0,9.14,1.14,HR,REMOTE,Analyst,senior,full-time,10,15,8.51,7.2,False,
EMP1034,2024-01-29,8.0,7.26,0,HR,TOR,Coordinator,mid,part-time,5,7,8.54,7.2,False,
EMP1034,2024-01-30,8.0,8.35,0.35,HR,VAN,Engineer,mid,part-time,8,14,8.98,7.2,False,
EMP1035,2024-01-01,8.0,8.58,0.58,SALES,REMOTE,Engineer,junior,full-time,10,13,6.77,7.2,False,
EMP1035,2024-01-02,8.0,8.53,0.53,SALES,REMOTE,Coordinator,mid,part-time,6,15,9.27,7.2,False,
EMP1035,2024-01-03,8.0,7.06,0,SALES,TOR,Engineer,junior,part-time,6,11,9.25,7.2,False,
EMP1035,2024-01-04,8.0,8.2,0.2,SALES,TOR,Analyst,junior,full-time,12,12,6.97,7.2,False,
EMP1035,2024-01-05,8.0,7.9,0,SALES,TOR,Coordinator,mid,part-time,6,10,6.81,7.2,False,
EMP1035,2024-01-08,8.0,6.94,0,SALES,TOR,Engineer,mid,part-time,9,7,8.83,7.2,False,
EMP1035,2024-01-09,8.0,7.51,0,SALES,TOR,Coordinator,senior,full-time,12,13,9.14,7.2,False,
EMP1035,2024-01-10,8.0,8.86,0.86,SALES,VAN,Engineer,senior,part-time,10,9,6.45,7.2,False,
EMP1035,2024-01-11,8.0,8.89,0.89,SALES,TOR,Analyst,mid,full-time,12,7,9.32,7.2,False,
EMP1035,2024-01-12,8.0,7.8,0,SALES,TOR,Engineer,mid,full-time,9,13,7.66,7.2,False,
EMP1035,2024-01-15,8.0,8.47,0.47,SALES,TOR,Analyst,mid,full-time,4,13,8.81,7.2,False,
EMP1035,2024-01-16,8.0,7.78,0,SALES,TOR,Engineer,mid,part-time,6,15,9.6,7.2,False,
EMP1035,2024-01-17,8.0,0.0,0,SALES,REMOTE,Analyst,junior,part-time,9,14,6.48,7.2,True,
EMP1035,2024-01-18,8.0,7.13,0,SALES,REMOTE,Analyst,junior,part-time,10,15,6.4,7.2,False,
EMP1035,2024-01-19,8.0,7.72,0,SALES,REMOTE,Analyst,senior,full-time,7,11,8.81,7.2,False,
EMP1035,2024-01-22,8.0,8.27,0.27,SALES,REMOTE,Engineer,senior,full-time,12,10,8.75,7.2,False,
EMP1035,2024-01-23,8.0,9.07,1.07,SALES,REMOTE,Analyst,junior,full-time,9,10,7.89,7.2,False,
EMP1035,2024-01-24,8.0,7.68,0,SALES,REMOTE,Coordinator,senior,full-time,11,8,6.84,7.2,False,
EMP1035,2024-01-25,8.0,8.1,0.1,SALES,REMOTE,Analyst,senior,full-time,6,10,7.53,7.2,False,
EMP1035,2024-01-26,8.0,8.43,0.43,SALES,VAN,Engineer,junior,part-time,8,12,7.96,7.2,False,
EMP1035,2024-01-29,8.0,7.09,0,SALES,REMOTE,Coordinator,senior,part-time,10,14,7.58,7.2,False,
EMP1035,2024-01-30,8.0,8.46,0.46,SALES,TOR,Engineer,mid,full-time,4,11,9.27,7.2,False,
EMP1036,2024-01-01,8.0,6.98,0,SUPPORT,TOR,Analyst,junior,full-time,10,7,9.2,7.2,False,
EMP1036,2024-01-02,8.0,8.31,0.31,SUPPORT,VAN,Analyst,senior,full-time,10,10,7.74,7.2,False,
EMP1036,2024-01-03,8.0,6.85,0,SUPPORT,TOR,Engineer,junior,full-time,11,15,7.47,7.2,False,
EMP1036,2024-01-04,8.0,8.37,0.37,SUPPORT,VAN,Analyst,senior,part-time,10,9,8.22,7.2,False,
EMP1036,2024-01-05,8.0,7.54,0,SUPPORT,VAN,Engineer,mid,part-time,7,5,6.87,7.2,False,
EMP1036,2024-01-08,8.0,9.09,1.09,SUPPORT,REMOTE,Engineer,senior,part-time,5,7,9.09,7.2,False,
EMP1036,2024-01-09,8.0,8.4,0.4,SUPPORT,TOR,Engineer,junior,full-time,3,10,8.24,7.2,False,
EMP1036,2024-01-10,8.0,7.69,0,SUPPORT,TOR,Coordinator,senior,full-time,8,10,6.87,7.2,False,
EMP1036,2024-01-11,8.0,9.14,1.14,SUPPORT,REMOTE,Analyst,junior,full-time,9,12,8.86,7.2,False,
EMP1036,2024-01-12,8.0,9.03,1.03,SUPPORT,TOR,Engineer,senior,part-time,7,12,9.27,7.2,False,
EMP1036,2024-01-15,8.0,8.61,0.61,SUPPORT,REMOTE,Coordinator,junior,part-time,8,6,8.74,7.2,False,
EMP1036,2024-01-16,8.0,7.13,0,SUPPORT,REMOTE,Engineer,mid,full-time,9,14,9.09,7.2,False,
EMP1036,2024-01-17,8.0,7.02,0,SUPPORT,TOR,Coordinator,senior,full-time,12,13,7.11,7.2,False,
EMP1036,2024-01-18,8.0,7.47,0,SUPPORT,TOR,Engineer,senior,part-time,4,13,7.66,7.2,False,
EMP1036,2024-01-19,8.0,8.25,0.25,SUPPORT,REMOTE,Engineer,senior,part-time,9,7,8.69,7.2,False,
EMP1036,2024-01-22,8.0,7.73,0,SUPPORT,TOR,Analyst,mid,part-time,7,12,9.2,7.2,False,
EMP1036,2024-01-23,8.0,8.55,0.55,SUPPORT,VAN,Coordinator,mid,part-time,7,7,8.98,7.2,False,
EMP1036,2024-01-24,8.0,7.82,0,SUPPORT,VAN,Engineer,senior,full-time,5,8,7.37,7.2,False,
EMP1036,2024-01-25,8.0,8.06,0.06,SUPPORT,VAN,Engineer,senior,part-time,4,5,7.71,7.2,False,
EMP1036,2024-01-26,8.0,7.79,0,SUPPORT,REMOTE,Analyst,senior,full-time,6,7,9.06,7.2,False,
EMP1036,2024-01-29,8.0,7.98,0,SUPPORT,VAN,Coordinator,mid,part-time,11,12,7.12,7.2,False,
EMP1036,2024-01-30,8.0,7.17,0,SUPPORT,VAN,Coordinator,senior,part-time,4,15,8.53,7.2,False,
EMP1037,2024-01-01,8.0,7.98,0,SUPPORT,REMOTE,Coordinator,junior,full-time,4,9,7.98,7.2,False,
EMP1037,2024-01-02,8.0,8.24,0.24,SUPPORT,VAN,Coordinator,mid,part-time,7,15,8.59,7.2,False,
EMP1037,2024-01-03,8.0,8.76,0.76,SUPPORT,VAN,Coordinator,senior,full-time,7,7,8.26,7.2,False,
EMP1037,2024-01-04,8.0,7.91,0,SUPPORT,REMOTE,Engineer,mid,full-time,3,9,7.56,7.2,False,
EMP1037,2024-01-05,8.0,9.09,1.09,SUPPORT,TOR,Analyst,mid,full-time,11,8,8.85,7.2,False,
EMP1037,2024-01-08,8.0,7.03,0,SUPPORT,TOR,Coordinator,mid,part-time,7,9,8.59,7.2,False,
EMP1037,2024-01-09,8.0,7.03,0,SUPPORT,REMOTE,Analyst,junior,full-time,5,13,7.3,7.2,False,
EMP1037,2024-01-10,8.0,7.79,0,SUPPORT,TOR,Engineer,junior,full-time,11,8,9.06,7.2,False,
EMP1037,2024-01-11,8.0,8.14,0.14,SUPPORT,REMOTE,Coordinator,senior,full-time,9,12,9.33,7.2,False,
EMP1037,2024-01-12,8.0,7.11,0,SUPPORT,TOR,Analyst,mid,part-time,8,7,9.01,7.2,False,
EMP1037,2024-01-15,8.0,8.23,0.23,SUPPORT,VAN,Engineer,senior,part-time,3,6,7.11,7.2,False,
EMP1037,2024-01-16,8.0,7.14,0,SUPPORT,TOR,Analyst,junior,full-time,5,6,7.76,7.2,False,
EMP1037,2024-01-17,8.0,7.07,0,SUPPORT,TOR,Analyst,mid,full-time,6,6,6.5,7.2,False,
EMP1037,2024-01-18,8.0,8.22,0.22,SUPPORT,VAN,Engineer,mid,full-time,4,9,8.54,7.2,False,
EMP1037,2024-01-19,8.0,8.68,0.68,SUPPORT,REMOTE,Engineer,senior,full-time,5,15,7.52,7.2,False,
EMP1037,2024-01-22,8.0,8.83,0.83,SUPPORT,VAN,Coordinator,mid,part-time,5,13,8.9,7.2,False,
EMP1037,2024-01-23,8.0,8.01,0.01,SUPPORT,TOR,Engineer,senior,full-time,11,8,8.69,7.2,False,
EMP1037,2024-01-24,8.0,7.21,0,SUPPORT,REMOTE,Engineer,senior,full-time,6,13,9.12,7.2,False,
EMP1037,2024-01-25,8.0,8.48,0.48,SUPPORT,TOR,Analyst,senior,full-time,5,10,9.54,7.2,False,
EMP1037,2024-01-26,8.0,8.03,0.03,SUPPORT,VAN,Engineer,mid,full-time,10,6,8.06,7.2,False,
EMP1037,2024-01-29,8.0,7.67,0,SUPPORT,VAN,Coordinator,senior,full-time,4,10,7.98,7.2,False,
EMP1037,2024-01-30,8.0,7.9,0,SUPPORT,REMOTE,Analyst,senior,part-time,6,13,7.7,7.2,False,
EMP1038,2024-01-01,8.0,6.97,0,SALES,VAN,Coordinator,mid,full-time,3,15,7.97,7.2,False,
EMP1038,2024-01-02,8.0,7.85,0,SALES,REMOTE,Coordinator,junior,full-time,5,11,7.68,7.2,False,
EMP1038,2024-01-03,8.0,7.04,0,SALES,TOR,Engineer,mid,full-time,8,8,8.3,7.2,False,
EMP1038,2024-01-04,8.0,7.09,0,SALES,VAN,Coordinator,mid,part-time,12,14,7.27,7.2,False,
EMP1038,2024-01-05,8.0,8.35,0.35,SALES,VAN,Analyst,mid,part-time,10,13,7.29,7.2,False,
EMP1038,2024-01-08,8.0,7.06,0,SALES,VAN,Analyst,mid,full-time,5,5,6.72,7.2,False,
EMP1038,2024-01-09,8.0,6.96,0,SALES,REMOTE,Engineer,junior,part-time,12,15,7.45,7.2,False,
EMP1038,2024-01-10,8.0,8.3,0.3,SALES,TOR,Coordinator,senior,part-time,10,8,7.34,7.2,False,
EMP1038,2024-01-11,8.0,8.01,0.01,SALES,REMOTE,Analyst,senior,full-time,3,11,9.22,7.2,False,
EMP1038,2024-01-12,8.0,7.88,0,SALES,VAN,Analyst,mid,full-time,3,7,8.18,7.2,False,
EMP1038,2024-01-15,8.0,7.53,0,SALES,REMOTE,Engineer,mid,part-time,5,9,8.69,7.2,False,
EMP1038,2024-01-16,8.0,7.06,0,SALES,REMOTE,Analyst,senior,part-time,10,13,9.13,7.2,False,
EMP1038,2024-01-17,8.0,7.74,0,SALES,VAN,Coordinator,mid,part-time,7,10,6.6,7.2,False,
EMP1038,2024-01-18,8.0,7.11,0,SALES,VAN,Analyst,senior,full-time,8,11,6.71,7.2,False,
EMP1038,2024-01-19,8.0,7.66,0,SALES,VAN,Engineer,senior,full-time,6,8,8.47,7.2,False,
EMP1038,2024-01-22,8.0,8.98,0.98,SALES,TOR,Analyst,junior,part-time,5,5,8.12,7.2,False,
EMP1038,2024-01-23,8.0,0.0,0,SALES,REMOTE,Analyst,senior,part-time,4,5,8.63,7.2,True,sick
EMP1038,2024-01-24,8.0,7.71,0,SALES,VAN,Analyst,senior,full-time,10,6,8.61,7.2,False,
EMP1038,2024-01-25,8.0,7.99,0,SALES,REMOTE,Analyst,junior,part-time,8,11,7.05,7.2,False,
EMP1038,2024-01-26,8.0,9.14,1.14,SALES,TOR,Coordinator,junior,part-time,7,5,7.35,7.2,False,
EMP1038,2024-01-29,8.0,8.73,0.73,SALES,REMOTE,Coordinator,junior,full-time,12,10,7.27,7.2,False,
EMP1038,2024-01-30,8.0,8.07,0.07,SALES,VAN,Engineer,mid,full-time,7,13,8.97,7.2,False,
EMP1039,2024-01-01,8.0,7.55,0,SALES,VAN,Analyst,mid,part-time,11,7,9.22,7.2,False,
EMP1039,2024-01-02,8.0,8.04,0.04,SALES,TOR,Coordinator,mid,full-time,10,9,9.4,7.2,False,
EMP1039,2024-01-03,8.0,8.27,0.27,SALES,VAN,Coordinator,senior,full-time,11,8,7.57,7.2,False,
EMP1039,2024-01-04,8.0,7.16,0,SALES,REMOTE,Analyst,mid,part-time,8,6,8.43,7.2,False,
EMP1039,2024-01-05,8.0,7.44,0,SALES,VAN,Coordinator,junior,part-time,12,8,7.7,7.2,False,
EMP1039,2024-01-08,8.0,7.26,0,SALES,TOR,Analyst,mid,part-time,11,11,7.75,7.2,False,
EMP1039,2024-01-09,8.0,7.28,0,SALES,VAN,Engineer,junior,part-time,7,15,8.16,7.2,False,
EMP1039,2024-01-10,8.0,6.9,0,SALES,REMOTE,Analyst,junior,full-time,4,10,8.33,7.2,False,
EMP1039,2024-01-11,8.0,8.96,0.96,SALES,VAN,Analyst,senior,full-time,9,7,7.16,7.2,False,
EMP1039,2024-01-12,8.0,8.0,0,SALES,TOR,Coordinator,senior,part-time,10,6,7.16,7.2,False,
EMP1039,2024-01-15,8.0,8.74,0.74,SALES,VAN,Coordinator,senior,part-time,6,11,7.1,7.2,False,
EMP1039,2024-01-16,8.0,7.31,0,SALES,VAN,Analyst,mid,part-time,12,5,7.97,7.2,False,
EMP1039,2024-01-17,8.0,9.08,1.08,SALES,VAN,Coordinator,mid,part-time,6,9,9.21,7.2,False,
EMP1039,2024-01-18,8.0,7.67,0,SALES,REMOTE,Analyst,mid,full-time,12,5,9.09,7.2,False,
EMP1039,2024-01-19,8.0,9.06,1.06,SALES,REMOTE,Coordinator,junior,part-time,11,11,7.39,7.2,False,
EMP1039,2024-01-22,8.0,7.67,0,SALES,REMOTE,Engineer,senior,full-time,10,11,6.43,7.2,False,
EMP1039,2024-01-23,8.0,9.03,1.03,SALES,VAN,Analyst,junior,full-time,7,8,9.15,7.2,False,
EMP1039,2024-01-24,8.0,7.85,0,SALES,VAN,Coordinator,mid,full-time,7,6,9.03,7.2,False,
EMP1039,2024-01-25,8.0,7.93,0,SALES,VAN,Analyst,senior,part-time,4,7,8.64,7.2,False,
EMP1039,2024-01-26,8.0,7.64,0,SALES,REMOTE,Coordinator,senior,part-time,10,5,8.84,7.2,False,
EMP1039,2024-01-29,8.0,7.24,0,SALES,VAN,Coordinator,junior,full-time,9,8,8.41,7.2,False,
EMP1039,2024-01-30,8.0,7.0,0,SALES,TOR,Engineer,senior,full-time,12,15,7.71,7.2,False,
EMP1040,2024-01-01,8.0,8.9,0.9,SUPPORT,TOR,Analyst,junior,part-time,7,8,6.67,7.2,False,
EMP1040,2024-01-02,8.0,7.74,0,SUPPORT,VAN,Coordinator,junior,full-time,3,13,8.47,7.2,False,
EMP1040,2024-01-03,8.0,8.98,0.98,SUPPORT,VAN,Engineer,mid,full-time,3,11,8.38,7.2,False,
EMP1040,2024-01-04,8.0,7.16,0,SUPPORT,VAN,Engineer,senior,full-time,3,13,7.79,7.2,False,
EMP1040,2024-01-05,8.0,7.89,0,SUPPORT,REMOTE,Analyst,junior,full-time,6,8,9.43,7.2,False,
EMP1040,2024-01-08,8.0,7.44,0,SUPPORT,REMOTE,Analyst,mid,full-time,9,8,8.32,7.2,False,
EMP1040,2024-01-09,8.0,7.48,0,SUPPORT,REMOTE,Engineer,mid,full-time,9,7,6.49,7.2,False,
EMP1040,2024-01-10,8.0,7.37,0,SUPPORT,VAN,Engineer,mid,part-time,4,5,7.9,7.2,False,
EMP1040,2024-01-11,8.0,9.14,1.14,SUPPORT,VAN,Coordinator,junior,part-time,9,14,7.22,7.2,False,
EMP1040,2024-01-12,8.0,6.94,0,SUPPORT,VAN,Engineer,mid,part-time,12,15,9.5,7.2,False,
EMP1040,2024-01-15,8.0,8.6,0.6,SUPPORT,TOR,Engineer,mid,part-time,7,11,8.55,7.2,False,
EMP1040,2024-01-16,8.0,8.94,0.94,SUPPORT,TOR,Coordinator,junior,part-time,5,13,7.98,7.2,False,
EMP1040,2024-01-17,8.0,7.92,0,SUPPORT,TOR,Analyst,senior,part-time,5,9,6.77,7.2,False,
EMP1040,2024-01-18,8.0,7.11,0,SUPPORT,VAN,Coordinator,mid,part-time,7,9,8.36,7.2,False,
EMP1040,2024-01-19,8.0,7.43,0,SUPPORT,VAN,Analyst,junior,part-time,10,7,8.18,7.2,False,
EMP1040,2024-01-22,8.0,8.33,0.33,SUPPORT,VAN,Engineer,junior,full-time,3,8,6.99,7.2,False,
EMP1040,2024-01-23,8.0,7.19,0,SUPPORT,VAN,Analyst,junior,part-time,3,12,7.54,7.2,False,
EMP1040,2024-01-24,8.0,7.96,0,SUPPORT,VAN,Engineer,senior,full-time,4,10,6.7,7.2,False,
EMP1040,2024-01-25,8.0,7.23,0,SUPPORT,TOR,Coordinator,senior,part-time,12,15,8.27,7.2,False,
EMP1040,2024-01-26,8.0,9.13,1.13,SUPPORT,REMOTE,Coordinator,junior,part-time,4,8,8.86,7.2,False,
EMP1040,2024-01-29,8.0,8.93,0.93,SUPPORT,TOR,Analyst,senior,full-time,9,10,8.29,7.2,False,
EMP1040,2024-01-30,8.0,8.81,0.81,SUPPORT,TOR,Engineer,junior,part-time,10,12,8.41,7.2,False,
EMP1041,2024-01-01,8.0,6.81,0,SUPPORT,TOR,Coordinator,senior,part-time,8,14,6.81,7.2,False,
EMP1041,2024-01-02,8.0,8.72,0.72,SUPPORT,VAN,Analyst,junior,full-time,11,14,7.62,7.2,False,
EMP1041,2024-01-03,8.0,7.23,0,SUPPORT,VAN,Engineer,junior,full-time,5,11,8.89,7.2,False,
EMP1041,2024-01-04,8.0,8.61,0.61,SUPPORT,REMOTE,Engineer,junior,part-time,10,11,8.75,7.2,False,
EMP1041,2024-01-05,8.0,8.97,0.97,SUPPORT,REMOTE,Engineer,mid,full-time,8,13,7.04,7.2,False,
EMP1041,2024-01-08,8.0,7.73,0,SUPPORT,VAN,Coordinator,senior,part-time,4,11,9.0,7.2,False,
EMP1041,2024-01-09,8.0,7.84,0,SUPPORT,VAN,Engineer,junior,part-time,10,15,7.12,7.2,False,
EMP1041,2024-01-10,8.0,7.17,0,SUPPORT,VAN,Coordinator,senior,full-time,7,12,7.8,7.2,False,
EMP1041,2024-01-11,8.0,7.95,0,SUPPORT,TOR,Engineer,senior,part-time,6,13,7.77,7.2,False,
EMP1041,2024-01-12,8.0,8.12,0.12,SUPPORT,TOR,Coordinator,junior,part-time,9,6,7.89,7.2,False,
EMP1041,2024-01-15,8.0,8.75,0.75,SUPPORT,VAN,Analyst,senior,full-time,11,5,6.76,7.2,False,
EMP1041,2024-01-16,8.0,7.23,0,SUPPORT,TOR,Analyst,junior,full-time,9,9,7.4,7.2,False,
EMP1041,2024-01-17,8.0,8.62,0.62,SUPPORT,VAN,Coordinator,mid,part-time,5,8,6.99,7.2,False,
EMP1041,2024-01-18,8.0,8.25,0.25,SUPPORT,REMOTE,Engineer,mid,full-time,3,11,6.77,7.2,False,
EMP1041,2024-01-19,8.0,7.95,0,SUPPORT,REMOTE,Analyst,senior,part-time,7,14,9.0,7.2,False,
EMP1041,2024-01-22,8.0,8.46,0.46,SUPPORT,REMOTE,Coordinator,mid,part-time,4,7,6.83,7.2,False,
EMP1041,2024-01-23,8.0,8.76,0.76,SUPPORT,REMOTE,Engineer,junior,full-time,10,15,6.86,7.2,False,
EMP1041,2024-01-24,8.0,8.82,0.82,SUPPORT,REMOTE,Engineer,junior,part-time,10,7,7.92,7.2,False,
EMP1041,2024-01-25,8.0,0.0,0,SUPPORT,TOR,Engineer,senior,part-time,7,12,6.46,7.2,True,
EMP1041,2024-01-26,8.0,7.28,0,SUPPORT,REMOTE,Analyst,junior,part-time,3,6,8.42,7.2,False,
EMP1041,2024-01-29,8.0,9.15,1.15,SUPPORT,VAN,Coordinator,senior,part-time,3,12,7.68,7.2,False,
EMP1041,2024-01-30,8.0,8.54,0.54,SUPPORT,REMOTE,Analyst,junior,full-time,11,5,7.75,7.2,False,
EMP1042,2024-01-01,8.0,7.44,0,SUPPORT,REMOTE,Analyst,mid,full-time,10,14,9.4,7.2,False,
EMP1042,2024-01-02,8.0,8.47,0.47,SUPPORT,TOR,Engineer,mid,full-time,10,10,7.8,7.2,False,
EMP1042,2024-01-03,8.0,8.21,0.21,SUPPORT,REMOTE,Analyst,senior,part-time,5,9,8.71,7.2,False,
EMP1042,2024-01-04,8.0,7.8,0,SUPPORT,REMOTE,Coordinator,senior,part-time,10,7,8.39,7.2,False,
EMP1042,2024-01-05,8.0,8.6,0.6,SUPPORT,REMOTE,Analyst,junior,full-time,6,7,8.34,7.2,False,
EMP1042,2024-01-08,8.0,7.8,0,SUPPORT,VAN,Analyst,junior,full-time,11,5,9.6,7.2,False,
EMP1042,2024-01-09,8.0,7.43,0,SUPPORT,REMOTE,Engineer,junior,full-time,4,10,7.78,7.2,False,
EMP1042,2024-01-10,8.0,7.09,0,SUPPORT,TOR,Analyst,mid,part-time,8,5,8.86,7.2,False,
EMP1042,2024-01-11,8.0,8.95,0.95,SUPPORT,REMOTE,Coordinator,senior,full-time,3,12,8.96,7.2,False,
EMP1042,2024-01-12,8.0,8.61,0.61,SUPPORT,TOR,Coordinator,senior,full-time,11,5,8.02,7.2,False,
EMP1042,2024-01-15,8.0,7.08,0,SUPPORT,TOR,Analyst,junior,part-time,10,13,7.99,7.2,False,
EMP1042,2024-01-16,8.0,7.17,0,SUPPORT,VAN,Analyst,junior,full-time,6,12,9.5,7.2,False,
EMP1042,2024-01-17,8.0,6.82,0,SUPPORT,VAN,Analyst,mid,full-time,4,9,7.59,7.2,False,
EMP1042,2024-01-18,8.0,7.67,0,SUPPORT,REMOTE,Engineer,junior,part-time,6,7,8.97,7.2,False,
EMP1042,2024-01-19,8.0,7.78,0,SUPPORT,VAN,Coordinator,senior,part-time,3,12,6.87,7.2,False,
EMP1042,2024-01-22,8.0,0.0,0,SUPPORT,REMOTE,Engineer,junior,part-time,5,11,9.54,7.2,True,personal
EMP1042,2024-01-23,8.0,7.74,0,SUPPORT,TOR,Coordinator,senior,full-time,12,5,9.53,7.2,False,
EMP1042,2024-01-24,8.0,8.72,0.72,SUPPORT,REMOTE,Analyst,mid,part-time,11,9,8.71,7.2,False,
EMP1042,2024-01-25,8.0,7.63,0,SUPPORT,VAN,Coordinator,senior,full-time,9,12,8.46,7.2,False,
EMP1042,2024-01-26,8.0,8.3,0.3,SUPPORT,REMOTE,Coordinator,mid,part-time,9,8,9.22,7.2,False,
EMP1042,2024-01-29,8.0,8.09,0.09,SUPPORT,VAN,Coordinator,senior,full-time,11,13,7.31,7.2,False,
EMP1042,2024-01-30,8.0,8.12,0.12,SUPPORT,REMOTE,Analyst,senior,full-time,3,5,9.25,7.2,False,
EMP1043,2024-01-01,8.0,7.38,0,HR,VAN,Coordinator,mid,full-time,3,10,7.23,7.2,False,
EMP1043,2024-01-02,8.0,7.1,0,HR,REMOTE,Engineer,mid,part-time,12,5,7.85,7.2,False,
EMP1043,2024-01-03,8.0,8.73,0.73,HR,REMOTE,Coordinator,senior,full-time,8,9,7.31,7.2,False,
EMP1043,2024-01-04,8.0,8.52,0.52,HR,REMOTE,Engineer,senior,part-time,11,8,6.74,7.2,False,
EMP1043,2024-01-05,8.0,7.26,0,HR,VAN,Analyst,junior,full-time,9,11,6.66,7.2,False,
EMP1043,2024-01-08,8.0,8.93,0.93,HR,VAN,Engineer,mid,full-time,8,15,8.08,7.2,False,
EMP1043,2024-01-09,8.0,8.05,0.05,HR,VAN,Analyst,senior,part-time,9,12,8.6,7.2,False,
EMP1043,2024-01-10,8.0,8.56,0.56,HR,VAN,Engineer,junior,full-time,10,12,6.81,7.2,False,
EMP1043,2024-01-11,8.0,8.87,0.87,HR,TOR,Coordinator,junior,part-time,10,5,8.79,7.2,False,
EMP1043,2024-01-12,8.0,7.69,0,HR,TOR,Coordinator,mid,full-time,4,10,8.23,7.2,False,
EMP1043,2024-01-15,8.0,7.17,0,HR,VAN,Analyst,mid,part-time,7,12,6.49,7.2,False,
EMP1043,2024-01-16,8.0,8.68,0.68,HR,VAN,Engineer,mid,part-time,6,7,9.02,7.2,False,
EMP1043,2024-01-17,8.0,7.09,0,HR,VAN,Engineer,junior,part-time,10,14,7.39,7.2,False,
EMP1043,2024-01-18,8.0,7.61,0,HR,VAN,Analyst,senior,full-time,5,13,8.44,7.2,False,
EMP1043,2024-01-19,8.0,8.4,0.4,HR,TOR,Coordinator,mid,full-time,12,15,8.4,7.2,False,
EMP1043,2024-01-22,8.0,8.96,0.96,HR,VAN,Coordinator,junior,part-time,7,15,6.68,7.2,False,
EMP1043,2024-01-23,8.0,6.86,0,HR,REMOTE,Coordinator,mid,full-time,11,6,7.02,7.2,False,
EMP1043,2024-01-24,8.0,8.18,0.18,HR,TOR,Coordinator,senior,full-time,10,13,9.27,7.2,False,
EMP1043,2024-01-25,8.0,9.05,1.05,HR,TOR,Engineer,mid,full-time,6,14,7.82,7.2,False,
EMP1043,2024-01-26,8.0,8.26,0.26,HR,VAN,Coordinator,junior,part-time,3,10,7.8,7.2,False,
EMP1043,2024-01-29,8.0,8.86,0.86,HR,VAN,Analyst,mid,full-time,4,6,8.13,7.2,False,
EMP1043,2024-01-30,8.0,7.24,0,HR,TOR,Engineer,mid,part-time,5,5,8.37,7.2,False,
EMP1044,2024-01-01,8.0,8.51,0.51,SUPPORT,VAN,Analyst,junior,part-time,5,11,9.26,7.2,False,
EMP1044,2024-01-02,8.0,9.06,1.06,SUPPORT,TOR,Engineer,junior,full-time,12,14,7.16,7.2,False,
EMP1044,2024-01-03,8.0,8.01,0.01,SUPPORT,TOR,Analyst,junior,part-time,10,13,7.7,7.2,False,
EMP1044,2024-01-04,8.0,7.78,0,SUPPORT,TOR,Engineer,mid,full-time,6,13,8.48,7.2,False,
EMP1044,2024-01-05,8.0,8.16,0.16,SUPPORT,VAN,Engineer,senior,full-time,5,10,8.13,7.2,False,
EMP1044,2024-01-08,8.0,7.39,0,SUPPORT,VAN,Coordinator,mid,full-time,3,12,9.48,7.2,False,
EMP1044,2024-01-09,8.0,8.37,0.37,SUPPORT,TOR,Engineer,junior,part-time,7,14,7.2,7.2,False,
EMP1044,2024-01-10,8.0,9.2,1.2,SUPPORT,REMOTE,Engineer,senior,part-time,3,7,8.77,7.2,False,
EMP1044,2024-01-11,8.0,7.52,0,SUPPORT,VAN,Coordinator,junior,full-time,11,9,9.21,7.2,False,
EMP1044,2024-01-12,8.0,8.01,0.01,SUPPORT,VAN,Coordinator,mid,part-time,10,9,7.19,7.2,False,
EMP1044,2024-01-15,8.0,7.62,0,SUPPORT,VAN,Coordinator,mid,full-time,5,15,9.35,7.2,False,
EMP1044,2024-01-16,8.0,6.81,0,SUPPORT,TOR,Coordinator,junior,part-time,11,12,8.84,7.2,False,
EMP1044,2024-01-17,8.0,8.69,0.69,SUPPORT,REMOTE,Coordinator,junior,full-time,10,15,6.79,7.2,False,
EMP1044,2024-01-18,8.0,7.7,0,SUPPORT,REMOTE,Analyst,mid,full-time,3,6,7.88,7.2,False,
EMP1044,2024-01-19,8.0,7.87,0,SUPPORT,TOR,Coordinator,junior,part-time,8,8,6.69,7.2,False,
EMP1044,2024-01-22,8.0,7.53,0,SUPPORT,REMOTE,Engineer,junior,part-time,8,5,7.3,7.2,False,
EMP1044,2024-01-23,8.0,8.5,0.5,SUPPORT,TOR,Engineer,junior,part-time,4,9,8.22,7.2,False,
EMP1044,2024-01-24,8.0,8.12,0.12,SUPPORT,REMOTE,Coordinator,senior,full-time,4,14,6.81,7.2,False,
EMP1044,2024-01-25,8.0,7.42,0,SUPPORT,REMOTE,Engineer,senior,part-time,6,15,6.47,7.2,False,
EMP1044,2024-01-26,8.0,8.43,0.43,SUPPORT,REMOTE,Analyst,senior,part-time,3,11,8.45,7.2,False,
EMP1044,2024-01-29,8.0,6.92,0,SUPPORT,VAN,Analyst,mid,part-time,4,15,8.06,7.2,False,
EMP1044,2024-01-30,8.0,8.04,0.04,SUPPORT,TOR,Coordinator,junior,full-time,7,11,8.1,7.2,False,
EMP1045,2024-01-01,8.0,0.0,0,SUPPORT,TOR,Analyst,junior,full-time,11,8,9.53,7.2,True,
EMP1045,2024-01-02,8.0,9.0,1.0,SUPPORT,TOR,Engineer,mid,part-time,4,15,8.4,7.2,False,
EMP1045,2024-01-03,8.0,0.0,0,SUPPORT,VAN,Engineer,senior,part-time,4,8,6.75,7.2,True,personal
EMP1045,2024-01-04,8.0,8.8,0.8,SUPPORT,VAN,Coordinator,junior,full-time,12,14,7.8,7.2,False,
EMP1045,2024-01-05,8.0,7.87,0,SUPPORT,TOR,Engineer,junior,full-time,9,10,9.25,7.2,False,
EMP1045,2024-01-08,8.0,8.68,0.68,SUPPORT,TOR,Analyst,junior,part-time,12,15,7.78,7.2,False,
EMP1045,2024-01-09,8.0,6.93,0,SUPPORT,TOR,Analyst,mid,part-time,4,14,8.81,7.2,False,
EMP1045,2024-01-10,8.0,8.24,0.24,SUPPORT,REMOTE,Coordinator,junior,part-time,9,12,8.94,7.2,False,
EMP1045,2024-01-11,8.0,8.29,0.29,SUPPORT,VAN,Coordinator,senior,full-time,10,13,7.45,7.2,False,
EMP1045,2024-01-12,8.0,7.05,0,SUPPORT,REMOTE,Coordinator,junior,full-time,12,7,8.44,7.2,False,
EMP1045,2024-01-15,8.0,7.81,0,SUPPORT,REMOTE,Coordinator,mid,full-time,6,7,8.95,7.2,False,
EMP1045,2024-01-16,8.0,7.55,0,SUPPORT,VAN,Coordinator,senior,part-time,7,14,9.23,7.2,False,
EMP1045,2024-01-17,8.0,7.15,0,SUPPORT,VAN,Coordinator,mid,part-time,8,5,8.06,7.2,False,
EMP1045,2024-01-18,8.0,7.15,0,SUPPORT,TOR,Coordinator,senior,full-time,9,10,7.03,7.2,False,
EMP1045,2024-01-19,8.0,8.98,0.98,SUPPORT,TOR,Analyst,junior,part-time,10,14,8.62,7.2,False,
EMP1045,2024-01-22,8.0,8.16,0.16,SUPPORT,VAN,Coordinator,mid,part-time,8,7,6.74,7.2,False,
EMP1045,2024-01-23,8.0,8.99,0.99,SUPPORT,VAN,Engineer,junior,full-time,6,12,8.4,7.2,False,
EMP1045,2024-01-24,8.0,8.56,0.56,SUPPORT,VAN,Coordinator,mid,full-time,9,7,9.04,7.2,False,
EMP1045,2024-01-25,8.0,0.0,0,SUPPORT,TOR,Engineer,mid,full-time,8,6,6.86,7.2,True,
EMP1045,2024-01-26,8.0,8.21,0.21,SUPPORT,VAN,Engineer,junior,full-time,6,9,6.96,7.2,False,
EMP1045,2024-01-29,8.0,8.53,0.53,SUPPORT,VAN,Coordinator,junior,full-time,6,5,6.96,7.2,False,
EMP1045,2024-01-30,8.0,7.04,0,SUPPORT,REMOTE,Engineer,mid,full-time,8,8,7.38,7.2,False,
EMP1046,2024-01-01,8.0,7.69,0,OPS,TOR,Coordinator,senior,part-time,4,6,6.86,7.2,False,
EMP1046,2024-01-02,8.0,8.71,0.71,OPS,TOR,Coordinator,mid,part-time,8,14,7.77,7.2,False,
EMP1046,2024-01-03,8.0,9.01,1.01,OPS,REMOTE,Coordinator,junior,part-time,5,10,7.19,7.2,False,
EMP1046,2024-01-04,8.0,7.47,0,OPS,TOR,Coordinator,senior,part-time,6,6,8.91,7.2,False,
EMP1046,2024-01-05,8.0,8.28,0.28,OPS,TOR,Coordinator,mid,part-time,10,13,7.89,7.2,False,
EMP1046,2024-01-08,8.0,7.7,0,OPS,REMOTE,Analyst,senior,part-time,10,9,8.26,7.2,False,
EMP1046,2024-01-09,8.0,8.7,0.7,OPS,REMOTE,Engineer,junior,full-time,6,12,9.16,7.2,False,
EMP1046,2024-01-10,8.0,7.53,0,OPS,VAN,Coordinator,junior,part-time,7,13,6.67,7.2,False,
EMP1046,2024-01-11,8.0,7.51,0,OPS,REMOTE,Analyst,junior,full-time,10,13,8.39,7.2,False,
EMP1046,2024-01-12,8.0,7.92,0,OPS,VAN,Analyst,mid,part-time,7,11,6.48,7.2,False,
EMP1046,2024-01-15,8.0,7.44,0,OPS,TOR,Analyst,junior,part-time,11,13,8.15,7.2,False,
EMP1046,2024-01-16,8.0,7.46,0,OPS,TOR,Engineer,junior,full-time,8,5,8.15,7.2,False,
EMP1046,2024-01-17,8.0,8.42,0.42,OPS,VAN,Analyst,senior,part-time,6,14,9.59,7.2,False,
EMP1046,2024-01-18,8.0,8.61,0.61,OPS,REMOTE,Coordinator,mid,full-time,7,9,9.03,7.2,False,
EMP1046,2024-01-19,8.0,7.77,0,OPS,VAN,Coordinator,senior,full-time,10,15,8.04,7.2,False,
EMP1046,2024-01-22,8.0,7.16,0,OPS,VAN,Engineer,junior,full-time,10,8,8.05,7.2,False,
EMP1046,2024-01-23,8.0,8.62,0.62,OPS,REMOTE,Analyst,mid,full-time,8,8,7.77,7.2,False,
EMP1046,2024-01-24,8.0,7.8,0,OPS,VAN,Analyst,senior,full-time,8,7,8.25,7.2,False,
EMP1046,2024-01-25,8.0,9.06,1.06,OPS,TOR,Analyst,senior,part-time,8,8,7.74,7.2,False,
EMP1046,2024-01-26,8.0,7.77,0,OPS,REMOTE,Coordinator,mid,part-time,12,5,8.22,7.2,False,
EMP1046,2024-01-29,8.0,0.0,0,OPS,TOR,Engineer,mid,part-time,6,8,9.44,7.2,True,sick
EMP1046,2024-01-30,8.0,7.25,0,OPS,TOR,Analyst,senior,part-time,7,6,6.95,7.2,False,
EMP1047,2024-01-01,8.0,8.78,0.78,HR,REMOTE,Analyst,junior,full-time,6,6,9.32,7.2,False,
EMP1047,2024-01-02,8.0,7.29,0,HR,VAN,Coordinator,senior,full-time,10,5,7.58,7.2,False,
EMP1047,2024-01-03,8.0,0.0,0,HR,VAN,Analyst,mid,full-time,1,7,8.12,7.2,True,
EMP1047,2024-01-04,8.0,7.73,0,HR,TOR,Engineer,junior,part-time,9,15,7.92,7.2,False,
EMP1047,2024-01-05,8.0,9.05,1.05,HR,REMOTE,Engineer,senior,part-time,7,8,6.42,7.2,False,
EMP1047,2024-01-08,8.0,6.95,0,HR,VAN,Coordinator,junior,part-time,12,12,7.87,7.2,False,
EMP1047,2024-01-09,8.0,8.57,0.57,HR,VAN,Coordinator,mid,part-time,7,11,8.36,7.2,False,
EMP1047,2024-01-10,8.0,7.22,0,HR,TOR,Engineer,senior,part-time,10,11,9.31,7.2,False,
EMP1047,2024-01-11,8.0,8.16,0.16,HR,VAN,Coordinator,junior,full-time,5,9,9.22,7.2,False,
EMP1047,2024-01-12,8.0,8.4,0.4,HR,TOR,Coordinator,senior,full-time,10,11,9.58,7.2,False,
EMP1047,2024-01-15,8.0,9.19,1.19,HR,TOR,Engineer,senior,part-time,9,12,6.93,7.2,False,
EMP1047,2024-01-16,8.0,6.91,0,HR,TOR,Engineer,senior,part-time,9,10,8.79,7.2,False,
EMP1047,2024-01-17,8.0,7.75,0,HR,TOR,Analyst,junior,full-time,8,15,8.8,7.2,False,
EMP1047,2024-01-18,8.0,6.96,0,HR,REMOTE,Coordinator,junior,part-time,5,12,9.03,7.2,False,
EMP1047,2024-01-19,8.0,7.21,0,HR,TOR,Coordinator,junior,full-time,7,6,8.11,7.2,False,
EMP1047,2024-01-22,8.0,6.99,0,HR,TOR,Coordinator,mid,full-time,10,10,6.97,7.2,False,
EMP1047,2024-01-23,8.0,8.94,0.94,HR,REMOTE,Engineer,mid,full-time,11,15,8.52,7.2,False,
EMP1047,2024-01-24,8.0,7.05,0,HR,REMOTE,Analyst,mid,full-time,12,5,6.56,7.2,False,
EMP1047,2024-01-25,8.0,7.28,0,HR,TOR,Analyst,junior,full-time,4,5,7.75,7.2,False,
EMP1047,2024-01-26,8.0,7.61,0,HR,TOR,Coordinator,senior,full-time,6,6,8.95,7.2,False,
EMP1047,2024-01-29,8.0,7.2,0,HR,TOR,Engineer,mid,full-time,8,10,8.2,7.2,False,
EMP1047,2024-01-30,8.0,7.3,0,HR,REMOTE,Analyst,mid,full-time,6,8,6.74,7.2,False,
EMP1048,2024-01-01,8.0,7.77,0,SUPPORT,VAN,Engineer,mid,full-time,10,8,6.61,7.2,False,
EMP1048,2024-01-02,8.0,8.36,0.36,SUPPORT,VAN,Engineer,junior,full-time,9,9,8.86,7.2,False,
EMP1048,2024-01-03,8.0,9.18,1.18,SUPPORT,REMOTE,Coordinator,senior,full-time,7,6,8.32,7.2,False,
EMP1048,2024-01-04,8.0,8.47,0.47,SUPPORT,REMOTE,Coordinator,junior,part-time,5,15,8.84,7.2,False,
EMP1048,2024-01-05,8.0,9.15,1.15,SUPPORT,REMOTE,Analyst,junior,part-time,3,14,9.32,7.2,False,
EMP1048,2024-01-08,8.0,8.03,0.03,SUPPORT,REMOTE,Engineer,senior,full-time,6,5,8.37,7.2,False,
EMP1048,2024-01-09,8.0,7.54,0,SUPPORT,REMOTE,Analyst,junior,full-time,3,7,7.6,7.2,False,
EMP1048,2024-01-10,8.0,7.16,0,SUPPORT,TOR,Coordinator,junior,full-time,12,12,8.77,7.2,False,
EMP1048,2024-01-11,8.0,7.47,0,SUPPORT,REMOTE,Engineer,senior,part-time,7,5,7.13,7.2,False,
EMP1048,2024-01-12,8.0,7.62,0,SUPPORT,TOR,Coordinator,junior,full-time,6,14,9.19,7.2,False,
EMP1048,2024-01-15,8.0,7.24,0,SUPPORT,REMOTE,Engineer,junior,part-time,4,8,6.57,7.2,False,
EMP1048,2024-01-16,8.0,9.05,1.05,SUPPORT,TOR,Engineer,junior,full-time,6,13,6.65,7.2,False,
EMP1048,2024-01-17,8.0,7.55,0,SUPPORT,REMOTE,Engineer,junior,part-time,5,14,7.2,7.2,False,
EMP1048,2024-01-18,8.0,7.88,0,SUPPORT,REMOTE,Engineer,mid,part-time,4,10,7.67,7.2,False,
EMP1048,2024-01-19,8.0,7.86,0,SUPPORT,REMOTE,Coordinator,senior,part-time,5,12,6.46,7.2,False,
EMP1048,2024-01-22,8.0,8.85,0.85,SUPPORT,VAN,Coordinator,senior,full-time,11,7,7.22,7.2,False,
EMP1048,2024-01-23,8.0,7.89,0,SUPPORT,VAN,Coordinator,senior,part-time,4,10,6.84,7.2,False,
EMP1048,2024-01-24,8.0,7.17,0,SUPPORT,TOR,Engineer,junior,part-time,10,11,9.36,7.2,False,
EMP1048,2024-01-25,8.0,9.13,1.13,SUPPORT,VAN,Analyst,mid,part-time,12,6,7.71,7.2,False,
EMP1048,2024-01-26,8.0,0.0,0,SUPPORT,TOR,Analyst,senior,full-time,3,11,9.46,7.2,True,vacation
EMP1048,2024-01-29,8.0,7.97,0,SUPPORT,REMOTE,Analyst,senior,full-time,9,11,8.75,7.2,False,
EMP1048,2024-01-30,8.0,6.88,0,SUPPORT,VAN,Coordinator,senior,full-time,5,9,8.34,7.2,False,
EMP1049,2024-01-01,8.0,8.25,0.25,OPS,REMOTE,Engineer,junior,full-time,4,15,8.68,7.2,False,
EMP1049,2024-01-02,8.0,8.49,0.49,OPS,TOR,Coordinator,junior,part-time,5,11,7.21,7.2,False,
EMP1049,2024-01-03,8.0,9.12,1.12,OPS,REMOTE,Analyst,senior,part-time,9,6,6.75,7.2,False,
EMP1049,2024-01-04,8.0,8.71,0.71,OPS,TOR,Analyst,senior,full-time,9,9,6.42,7.2,False,
EMP1049,2024-01-05,8.0,7.98,0,OPS,TOR,Engineer,senior,part-time,11,11,8.49,7.2,False,
EMP1049,2024-01-08,8.0,7.21,0,OPS,VAN,Engineer,senior,full-time,6,12,6.98,7.2,False,
EMP1049,2024-01-09,8.0,7.88,0,OPS,TOR,Engineer,junior,full-time,5,8,7.23,7.2,False,
EMP1049,2024-01-10,8.0,7.78,0,OPS,REMOTE,Coordinator,junior,full-time,4,9,6.67,7.2,False,
EMP1049,2024-01-11,8.0,6.95,0,OPS,TOR,Coordinator,junior,part-time,10,15,8.83,7.2,False,
EMP1049,2024-01-12,8.0,0.0,0,OPS,VAN,Engineer,senior,full-time,1,8,8.07,7.2,True,sick
EMP1049,2024-01-15,8.0,8.05,0.05,OPS,VAN,Analyst,mid,part-time,12,11,7.48,7.2,False,
EMP1049,2024-01-16,8.0,7.62,0,OPS,VAN,Engineer,mid,part-time,9,14,6.58,7.2,False,
EMP1049,2024-01-17,8.0,7.59,0,OPS,TOR,Engineer,mid,part-time,5,5,8.33,7.2,False,
EMP1049,2024-01-18,8.0,7.47,0,OPS,REMOTE,Engineer,mid,part-time,12,15,8.51,7.2,False,
EMP1049,2024-01-19,8.0,7.79,0,OPS,TOR,Engineer,senior,part-time,3,15,7.55,7.2,False,
EMP1049,2024-01-22,8.0,8.74,0.74,OPS,VAN,Coordinator,mid,full-time,12,12,7.68,7.2,False,
EMP1049,2024-01-23,8.0,7.0,0,OPS,VAN,Analyst,senior,full-time,9,9,8.34,7.2,False,
EMP1049,2024-01-24,8.0,8.89,0.89,OPS,REMOTE,Coordinator,senior,full-time,5,12,8.95,7.2,False,
EMP1049,2024-01-25,8.0,8.42,0.42,OPS,REMOTE,Analyst,junior,part-time,4,12,8.52,7.2,False,
EMP1049,2024-01-26,8.0,7.31,0,OPS,REMOTE,Coordinator,junior,full-time,9,5,6.91,7.2,False,
EMP1049,2024-01-29,8.0,8.97,0.97,OPS,VAN,Engineer,senior,part-time,10,15,6.79,7.2,False,
EMP1049,2024-01-30,8.0,8.08,0.08,OPS,REMOTE,Analyst,junior,part-time,6,14,8.85,7.2,False,
